This file contains any messages produced by compilers while
running configure, to aid debugging if configure makes a mistake.

It was created by Notebc Core configure 1.1.0, which was
generated by GNU Autoconf 2.71.  Invocation command line was

  $ ./configure --with-incompatible-bdb

## --------- ##
## Platform. ##
## --------- ##

hostname = ubuntu-s-1vcpu-2gb-nyc3-01
uname -m = x86_64
uname -r = 6.8.0-90-generic
uname -s = Linux
uname -v = #91-Ubuntu SMP PREEMPT_DYNAMIC Tue Nov 18 14:14:30 UTC 2025

/usr/bin/uname -p = x86_64
/bin/uname -X     = unknown

/bin/arch              = x86_64
/usr/bin/arch -k       = unknown
/usr/convex/getsysinfo = unknown
/usr/bin/hostinfo      = unknown
/bin/machine           = unknown
/usr/bin/oslevel       = unknown
/bin/universe          = unknown

PATH: /usr/local/sbin/
PATH: /usr/local/bin/
PATH: /usr/sbin/
PATH: /usr/bin/
PATH: /sbin/
PATH: /bin/
PATH: /usr/games/
PATH: /usr/local/games/
PATH: /snap/bin/


## ----------- ##
## Core tests. ##
## ----------- ##

configure:3393: looking for aux files: compile ltmain.sh missing install-sh config.guess config.sub
configure:3406:  trying ./build-aux/
configure:3435:   ./build-aux/compile found
configure:3435:   ./build-aux/ltmain.sh found
configure:3435:   ./build-aux/missing found
configure:3417:   ./build-aux/install-sh found
configure:3435:   ./build-aux/config.guess found
configure:3435:   ./build-aux/config.sub found
configure:3569: checking build system type
configure:3584: result: x86_64-pc-linux-gnu
configure:3604: checking host system type
configure:3618: result: x86_64-pc-linux-gnu
configure:3662: checking for a BSD-compatible install
configure:3735: result: /usr/bin/install -c
configure:3746: checking whether build environment is sane
configure:3801: result: yes
configure:3960: checking for a race-free mkdir -p
configure:4004: result: /usr/bin/mkdir -p
configure:4011: checking for gawk
configure:4032: found /usr/bin/gawk
configure:4043: result: gawk
configure:4054: checking whether make sets $(MAKE)
configure:4077: result: yes
configure:4107: checking whether make supports nested variables
configure:4125: result: yes
configure:4258: checking whether to enable maintainer-specific portions of Makefiles
configure:4268: result: yes
configure:4294: checking whether make supports nested variables
configure:4312: result: yes
configure:4398: checking for g++
configure:4419: found /usr/bin/g++
configure:4430: result: g++
configure:4457: checking for C++ compiler version
configure:4466: g++ --version >&5
g++ (Ubuntu 13.3.0-6ubuntu2~24.04) 13.3.0
Copyright (C) 2023 Free Software Foundation, Inc.
This is free software; see the source for copying conditions.  There is NO
warranty; not even for MERCHANTABILITY or FITNESS FOR A PARTICULAR PURPOSE.

configure:4477: $? = 0
configure:4466: g++ -v >&5
Using built-in specs.
COLLECT_GCC=g++
COLLECT_LTO_WRAPPER=/usr/libexec/gcc/x86_64-linux-gnu/13/lto-wrapper
OFFLOAD_TARGET_NAMES=nvptx-none:amdgcn-amdhsa
OFFLOAD_TARGET_DEFAULT=1
Target: x86_64-linux-gnu
Configured with: ../src/configure -v --with-pkgversion='Ubuntu 13.3.0-6ubuntu2~24.04' --with-bugurl=file:///usr/share/doc/gcc-13/README.Bugs --enable-languages=c,ada,c++,go,d,fortran,objc,obj-c++,m2 --prefix=/usr --with-gcc-major-version-only --program-suffix=-13 --program-prefix=x86_64-linux-gnu- --enable-shared --enable-linker-build-id --libexecdir=/usr/libexec --without-included-gettext --enable-threads=posix --libdir=/usr/lib --enable-nls --enable-bootstrap --enable-clocale=gnu --enable-libstdcxx-debug --enable-libstdcxx-time=yes --with-default-libstdcxx-abi=new --enable-libstdcxx-backtrace --enable-gnu-unique-object --disable-vtable-verify --enable-plugin --enable-default-pie --with-system-zlib --enable-libphobos-checking=release --with-target-system-zlib=auto --enable-objc-gc=auto --enable-multiarch --disable-werror --enable-cet --with-arch-32=i686 --with-abi=m64 --with-multilib-list=m32,m64,mx32 --enable-multilib --with-tune=generic --enable-offload-targets=nvptx-none=/build/gcc-13-fG75Ri/gcc-13-13.3.0/debian/tmp-nvptx/usr,amdgcn-amdhsa=/build/gcc-13-fG75Ri/gcc-13-13.3.0/debian/tmp-gcn/usr --enable-offload-defaulted --without-cuda-driver --enable-checking=release --build=x86_64-linux-gnu --host=x86_64-linux-gnu --target=x86_64-linux-gnu --with-build-config=bootstrap-lto-lean --enable-link-serialization=2
Thread model: posix
Supported LTO compression algorithms: zlib zstd
gcc version 13.3.0 (Ubuntu 13.3.0-6ubuntu2~24.04) 
... rest of stderr output deleted ...
configure:4477: $? = 0
configure:4466: g++ -V >&5
g++: error: unrecognized command-line option '-V'
g++: fatal error: no input files
compilation terminated.
configure:4477: $? = 1
configure:4466: g++ -qversion >&5
g++: error: unrecognized command-line option '-qversion'; did you mean '--version'?
g++: fatal error: no input files
compilation terminated.
configure:4477: $? = 1
configure:4497: checking whether the C++ compiler works
configure:4519: g++    conftest.cpp  >&5
configure:4523: $? = 0
configure:4573: result: yes
configure:4576: checking for C++ compiler default output file name
configure:4578: result: a.out
configure:4584: checking for suffix of executables
configure:4591: g++ -o conftest    conftest.cpp  >&5
configure:4595: $? = 0
configure:4618: result: 
configure:4640: checking whether we are cross compiling
configure:4648: g++ -o conftest    conftest.cpp  >&5
configure:4652: $? = 0
configure:4659: ./conftest
configure:4663: $? = 0
configure:4678: result: no
configure:4683: checking for suffix of object files
configure:4706: g++ -c   conftest.cpp >&5
configure:4710: $? = 0
configure:4732: result: o
configure:4736: checking whether the compiler supports GNU C++
configure:4756: g++ -c   conftest.cpp >&5
configure:4756: $? = 0
configure:4766: result: yes
configure:4777: checking whether g++ accepts -g
configure:4798: g++ -c -g  conftest.cpp >&5
configure:4798: $? = 0
configure:4842: result: yes
configure:4862: checking for g++ option to enable C++11 features
configure:4877: g++  -c -g -O2  conftest.cpp >&5
conftest.cpp: In function 'int main(int, char**)':
conftest.cpp:175:25: warning: empty parentheses were disambiguated as a function declaration [-Wvexing-parse]
  175 |   cxx11test::delegate d2();
      |                         ^~
conftest.cpp:175:25: note: remove parentheses to default-initialize a variable
  175 |   cxx11test::delegate d2();
      |                         ^~
      |                         --
conftest.cpp:175:25: note: or replace parentheses with braces to value-initialize a variable
configure:4877: $? = 0
configure:4895: result: none needed
configure:4962: checking whether make supports the include directive
configure:4977: make -f confmf.GNU && cat confinc.out
this is the am__doit target
configure:4980: $? = 0
configure:4999: result: yes (GNU style)
configure:5025: checking dependency style of g++
configure:5137: result: gcc3
configure:5175: checking whether g++ supports C++11 features with -std=c++11
configure:5472: g++ -std=c++11 -c -g -O2  conftest.cpp >&5
configure:5472: $? = 0
configure:5482: result: yes
configure:5526: checking whether std::atomic can be used without link library
configure:5544: g++ -std=c++11 -o conftest -g -O2   conftest.cpp  >&5
configure:5544: $? = 0
configure:5547: result: yes
configure:5723: checking for Objective C++ compiler version
configure:5732: g++ -std=c++11 --version >&5
g++ (Ubuntu 13.3.0-6ubuntu2~24.04) 13.3.0
Copyright (C) 2023 Free Software Foundation, Inc.
This is free software; see the source for copying conditions.  There is NO
warranty; not even for MERCHANTABILITY or FITNESS FOR A PARTICULAR PURPOSE.

configure:5743: $? = 0
configure:5732: g++ -std=c++11 -v >&5
Using built-in specs.
COLLECT_GCC=g++
COLLECT_LTO_WRAPPER=/usr/libexec/gcc/x86_64-linux-gnu/13/lto-wrapper
OFFLOAD_TARGET_NAMES=nvptx-none:amdgcn-amdhsa
OFFLOAD_TARGET_DEFAULT=1
Target: x86_64-linux-gnu
Configured with: ../src/configure -v --with-pkgversion='Ubuntu 13.3.0-6ubuntu2~24.04' --with-bugurl=file:///usr/share/doc/gcc-13/README.Bugs --enable-languages=c,ada,c++,go,d,fortran,objc,obj-c++,m2 --prefix=/usr --with-gcc-major-version-only --program-suffix=-13 --program-prefix=x86_64-linux-gnu- --enable-shared --enable-linker-build-id --libexecdir=/usr/libexec --without-included-gettext --enable-threads=posix --libdir=/usr/lib --enable-nls --enable-bootstrap --enable-clocale=gnu --enable-libstdcxx-debug --enable-libstdcxx-time=yes --with-default-libstdcxx-abi=new --enable-libstdcxx-backtrace --enable-gnu-unique-object --disable-vtable-verify --enable-plugin --enable-default-pie --with-system-zlib --enable-libphobos-checking=release --with-target-system-zlib=auto --enable-objc-gc=auto --enable-multiarch --disable-werror --enable-cet --with-arch-32=i686 --with-abi=m64 --with-multilib-list=m32,m64,mx32 --enable-multilib --with-tune=generic --enable-offload-targets=nvptx-none=/build/gcc-13-fG75Ri/gcc-13-13.3.0/debian/tmp-nvptx/usr,amdgcn-amdhsa=/build/gcc-13-fG75Ri/gcc-13-13.3.0/debian/tmp-gcn/usr --enable-offload-defaulted --without-cuda-driver --enable-checking=release --build=x86_64-linux-gnu --host=x86_64-linux-gnu --target=x86_64-linux-gnu --with-build-config=bootstrap-lto-lean --enable-link-serialization=2
Thread model: posix
Supported LTO compression algorithms: zlib zstd
gcc version 13.3.0 (Ubuntu 13.3.0-6ubuntu2~24.04) 
... rest of stderr output deleted ...
configure:5743: $? = 0
configure:5732: g++ -std=c++11 -V >&5
g++: error: unrecognized command-line option '-V'
g++: fatal error: no input files
compilation terminated.
configure:5743: $? = 1
configure:5732: g++ -std=c++11 -qversion >&5
g++: error: unrecognized command-line option '-qversion'; did you mean '--version'?
g++: fatal error: no input files
compilation terminated.
configure:5743: $? = 1
configure:5747: checking whether the compiler supports GNU Objective C++
configure:5767: g++ -std=c++11 -c   conftest.mm >&5
g++: fatal error: cannot execute 'cc1objplus': execvp: No such file or directory
compilation terminated.
configure:5767: $? = 1
configure: failed program was:
| /* confdefs.h */
| #define PACKAGE_NAME "Notebc Core"
| #define PACKAGE_TARNAME "notebc"
| #define PACKAGE_VERSION "1.1.0"
| #define PACKAGE_STRING "Notebc Core 1.1.0"
| #define PACKAGE_BUGREPORT "https://www.notebc.com/"
| #define PACKAGE_URL "https://www.notebc.com/"
| #define HAVE_CXX11 1
| /* end confdefs.h.  */
| 
| int
| main (void)
| {
| #ifndef __GNUC__
|        choke me
| #endif
| 
|   ;
|   return 0;
| }
configure:5777: result: no
configure:5788: checking whether g++ -std=c++11 accepts -g
configure:5809: g++ -std=c++11 -c -g  conftest.mm >&5
g++: fatal error: cannot execute 'cc1objplus': execvp: No such file or directory
compilation terminated.
configure:5809: $? = 1
configure: failed program was:
| /* confdefs.h */
| #define PACKAGE_NAME "Notebc Core"
| #define PACKAGE_TARNAME "notebc"
| #define PACKAGE_VERSION "1.1.0"
| #define PACKAGE_STRING "Notebc Core 1.1.0"
| #define PACKAGE_BUGREPORT "https://www.notebc.com/"
| #define PACKAGE_URL "https://www.notebc.com/"
| #define HAVE_CXX11 1
| /* end confdefs.h.  */
| 
| int
| main (void)
| {
| 
|   ;
|   return 0;
| }
configure:5825: g++ -std=c++11 -c   conftest.mm >&5
g++: fatal error: cannot execute 'cc1objplus': execvp: No such file or directory
compilation terminated.
configure:5825: $? = 1
configure: failed program was:
| /* confdefs.h */
| #define PACKAGE_NAME "Notebc Core"
| #define PACKAGE_TARNAME "notebc"
| #define PACKAGE_VERSION "1.1.0"
| #define PACKAGE_STRING "Notebc Core 1.1.0"
| #define PACKAGE_BUGREPORT "https://www.notebc.com/"
| #define PACKAGE_URL "https://www.notebc.com/"
| #define HAVE_CXX11 1
| /* end confdefs.h.  */
| 
| int
| main (void)
| {
| 
|   ;
|   return 0;
| }
configure:5842: g++ -std=c++11 -c -g  conftest.mm >&5
g++: fatal error: cannot execute 'cc1objplus': execvp: No such file or directory
compilation terminated.
configure:5842: $? = 1
configure: failed program was:
| /* confdefs.h */
| #define PACKAGE_NAME "Notebc Core"
| #define PACKAGE_TARNAME "notebc"
| #define PACKAGE_VERSION "1.1.0"
| #define PACKAGE_STRING "Notebc Core 1.1.0"
| #define PACKAGE_BUGREPORT "https://www.notebc.com/"
| #define PACKAGE_URL "https://www.notebc.com/"
| #define HAVE_CXX11 1
| /* end confdefs.h.  */
| 
| int
| main (void)
| {
| 
|   ;
|   return 0;
| }
configure:5853: result: no
configure:5878: checking dependency style of g++ -std=c++11
configure:5988: result: gcc3
configure:6052: checking how to print strings
configure:6079: result: printf
configure:6162: checking for gcc
configure:6183: found /usr/bin/gcc
configure:6194: result: gcc
configure:6547: checking for C compiler version
configure:6556: gcc --version >&5
gcc (Ubuntu 13.3.0-6ubuntu2~24.04) 13.3.0
Copyright (C) 2023 Free Software Foundation, Inc.
This is free software; see the source for copying conditions.  There is NO
warranty; not even for MERCHANTABILITY or FITNESS FOR A PARTICULAR PURPOSE.

configure:6567: $? = 0
configure:6556: gcc -v >&5
Using built-in specs.
COLLECT_GCC=gcc
COLLECT_LTO_WRAPPER=/usr/libexec/gcc/x86_64-linux-gnu/13/lto-wrapper
OFFLOAD_TARGET_NAMES=nvptx-none:amdgcn-amdhsa
OFFLOAD_TARGET_DEFAULT=1
Target: x86_64-linux-gnu
Configured with: ../src/configure -v --with-pkgversion='Ubuntu 13.3.0-6ubuntu2~24.04' --with-bugurl=file:///usr/share/doc/gcc-13/README.Bugs --enable-languages=c,ada,c++,go,d,fortran,objc,obj-c++,m2 --prefix=/usr --with-gcc-major-version-only --program-suffix=-13 --program-prefix=x86_64-linux-gnu- --enable-shared --enable-linker-build-id --libexecdir=/usr/libexec --without-included-gettext --enable-threads=posix --libdir=/usr/lib --enable-nls --enable-bootstrap --enable-clocale=gnu --enable-libstdcxx-debug --enable-libstdcxx-time=yes --with-default-libstdcxx-abi=new --enable-libstdcxx-backtrace --enable-gnu-unique-object --disable-vtable-verify --enable-plugin --enable-default-pie --with-system-zlib --enable-libphobos-checking=release --with-target-system-zlib=auto --enable-objc-gc=auto --enable-multiarch --disable-werror --enable-cet --with-arch-32=i686 --with-abi=m64 --with-multilib-list=m32,m64,mx32 --enable-multilib --with-tune=generic --enable-offload-targets=nvptx-none=/build/gcc-13-fG75Ri/gcc-13-13.3.0/debian/tmp-nvptx/usr,amdgcn-amdhsa=/build/gcc-13-fG75Ri/gcc-13-13.3.0/debian/tmp-gcn/usr --enable-offload-defaulted --without-cuda-driver --enable-checking=release --build=x86_64-linux-gnu --host=x86_64-linux-gnu --target=x86_64-linux-gnu --with-build-config=bootstrap-lto-lean --enable-link-serialization=2
Thread model: posix
Supported LTO compression algorithms: zlib zstd
gcc version 13.3.0 (Ubuntu 13.3.0-6ubuntu2~24.04) 
... rest of stderr output deleted ...
configure:6567: $? = 0
configure:6556: gcc -V >&5
gcc: error: unrecognized command-line option '-V'
gcc: fatal error: no input files
compilation terminated.
configure:6567: $? = 1
configure:6556: gcc -qversion >&5
gcc: error: unrecognized command-line option '-qversion'; did you mean '--version'?
gcc: fatal error: no input files
compilation terminated.
configure:6567: $? = 1
configure:6556: gcc -version >&5
gcc: error: unrecognized command-line option '-version'
gcc: fatal error: no input files
compilation terminated.
configure:6567: $? = 1
configure:6571: checking whether the compiler supports GNU C
configure:6591: gcc -c   conftest.c >&5
configure:6591: $? = 0
configure:6601: result: yes
configure:6612: checking whether gcc accepts -g
configure:6633: gcc -c -g  conftest.c >&5
configure:6633: $? = 0
configure:6677: result: yes
configure:6697: checking for gcc option to enable C11 features
configure:6712: gcc  -c -g -O2  conftest.c >&5
configure:6712: $? = 0
configure:6730: result: none needed
configure:6846: checking whether gcc understands -c and -o together
configure:6869: gcc -c conftest.c -o conftest2.o
configure:6872: $? = 0
configure:6869: gcc -c conftest.c -o conftest2.o
configure:6872: $? = 0
configure:6884: result: yes
configure:6903: checking dependency style of gcc
configure:7015: result: gcc3
configure:7030: checking for a sed that does not truncate output
configure:7100: result: /usr/bin/sed
configure:7118: checking for grep that handles long lines and -e
configure:7182: result: /usr/bin/grep
configure:7187: checking for egrep
configure:7255: result: /usr/bin/grep -E
configure:7260: checking for fgrep
configure:7328: result: /usr/bin/grep -F
configure:7364: checking for ld used by gcc
configure:7432: result: /usr/bin/ld
configure:7439: checking if the linker (/usr/bin/ld) is GNU ld
configure:7455: result: yes
configure:7467: checking for BSD- or MS-compatible name lister (nm)
configure:7522: result: /usr/bin/nm -B
configure:7662: checking the name lister (/usr/bin/nm -B) interface
configure:7670: gcc -c -g -O2  conftest.c >&5
configure:7673: /usr/bin/nm -B "conftest.o"
configure:7676: output
0000000000000000 B some_variable
configure:7683: result: BSD nm
configure:7686: checking whether ln -s works
configure:7690: result: yes
configure:7698: checking the maximum length of command line arguments
configure:7830: result: 1572864
configure:7878: checking how to convert x86_64-pc-linux-gnu file names to x86_64-pc-linux-gnu format
configure:7919: result: func_convert_file_noop
configure:7926: checking how to convert x86_64-pc-linux-gnu file names to toolchain format
configure:7947: result: func_convert_file_noop
configure:7954: checking for /usr/bin/ld option to reload object files
configure:7962: result: -r
configure:8041: checking for file
configure:8062: found /usr/bin/file
configure:8073: result: file
configure:8149: checking for objdump
configure:8170: found /usr/bin/objdump
configure:8181: result: objdump
configure:8213: checking how to recognize dependent libraries
configure:8414: result: pass_all
configure:8504: checking for dlltool
configure:8539: result: no
configure:8569: checking how to associate runtime and link libraries
configure:8597: result: printf %s\n
configure:8663: checking for ar
configure:8684: found /usr/bin/ar
configure:8695: result: ar
configure:8748: checking for archiver @FILE support
configure:8766: gcc -c -g -O2  conftest.c >&5
configure:8766: $? = 0
configure:8770: ar cr libconftest.a @conftest.lst >&5
configure:8773: $? = 0
configure:8778: ar cr libconftest.a @conftest.lst >&5
ar: conftest.o: No such file or directory
configure:8781: $? = 1
configure:8793: result: @
configure:8856: checking for strip
configure:8877: found /usr/bin/strip
configure:8888: result: strip
configure:8965: checking for ranlib
configure:8986: found /usr/bin/ranlib
configure:8997: result: ranlib
configure:9099: checking command to parse /usr/bin/nm -B output from gcc object
configure:9253: gcc -c -g -O2  conftest.c >&5
configure:9256: $? = 0
configure:9260: /usr/bin/nm -B conftest.o | /usr/bin/sed -n -e 's/^.*[	 ]\([ABCDGIRSTW][ABCDGIRSTW]*\)[	 ][	 ]*\([_A-Za-z][_A-Za-z0-9]*\)$/\1 \2 \2/p' | /usr/bin/sed '/ __gnu_lto/d' > conftest.nm
configure:9326: gcc -o conftest -g -O2   conftest.c conftstm.o >&5
configure:9329: $? = 0
configure:9367: result: ok
configure:9414: checking for sysroot
configure:9445: result: no
configure:9452: checking for a working dd
configure:9496: result: /usr/bin/dd
configure:9500: checking how to truncate binary pipes
configure:9516: result: /usr/bin/dd bs=4096 count=1
configure:9653: gcc -c -g -O2  conftest.c >&5
configure:9656: $? = 0
configure:9853: checking for mt
configure:9874: found /usr/bin/mt
configure:9885: result: mt
configure:9908: checking if mt is a manifest tool
configure:9915: mt '-?'
configure:9923: result: no
configure:10648: checking for stdio.h
configure:10648: gcc -c -g -O2  conftest.c >&5
configure:10648: $? = 0
configure:10648: result: yes
configure:10648: checking for stdlib.h
configure:10648: gcc -c -g -O2  conftest.c >&5
configure:10648: $? = 0
configure:10648: result: yes
configure:10648: checking for string.h
configure:10648: gcc -c -g -O2  conftest.c >&5
configure:10648: $? = 0
configure:10648: result: yes
configure:10648: checking for inttypes.h
configure:10648: gcc -c -g -O2  conftest.c >&5
configure:10648: $? = 0
configure:10648: result: yes
configure:10648: checking for stdint.h
configure:10648: gcc -c -g -O2  conftest.c >&5
configure:10648: $? = 0
configure:10648: result: yes
configure:10648: checking for strings.h
configure:10648: gcc -c -g -O2  conftest.c >&5
configure:10648: $? = 0
configure:10648: result: yes
configure:10648: checking for sys/stat.h
configure:10648: gcc -c -g -O2  conftest.c >&5
configure:10648: $? = 0
configure:10648: result: yes
configure:10648: checking for sys/types.h
configure:10648: gcc -c -g -O2  conftest.c >&5
configure:10648: $? = 0
configure:10648: result: yes
configure:10648: checking for unistd.h
configure:10648: gcc -c -g -O2  conftest.c >&5
configure:10648: $? = 0
configure:10648: result: yes
configure:10673: checking for dlfcn.h
configure:10673: gcc -c -g -O2  conftest.c >&5
configure:10673: $? = 0
configure:10673: result: yes
configure:10941: checking for objdir
configure:10957: result: .libs
configure:11221: checking if gcc supports -fno-rtti -fno-exceptions
configure:11240: gcc -c -g -O2  -fno-rtti -fno-exceptions conftest.c >&5
cc1: warning: command-line option '-fno-rtti' is valid for C++/D/ObjC++ but not for C
configure:11244: $? = 0
configure:11257: result: no
configure:11621: checking for gcc option to produce PIC
configure:11629: result: -fPIC -DPIC
configure:11637: checking if gcc PIC flag -fPIC -DPIC works
configure:11656: gcc -c -g -O2  -fPIC -DPIC -DPIC conftest.c >&5
configure:11660: $? = 0
configure:11673: result: yes
configure:11702: checking if gcc static flag -static works
configure:11731: result: yes
configure:11746: checking if gcc supports -c -o file.o
configure:11768: gcc -c -g -O2  -o out/conftest2.o conftest.c >&5
configure:11772: $? = 0
configure:11794: result: yes
configure:11802: checking if gcc supports -c -o file.o
configure:11850: result: yes
configure:11883: checking whether the gcc linker (/usr/bin/ld -m elf_x86_64) supports shared libraries
configure:13157: result: yes
configure:13194: checking whether -lc should be explicitly linked in
configure:13203: gcc -c -g -O2  conftest.c >&5
configure:13206: $? = 0
configure:13221: gcc -shared  -fPIC -DPIC conftest.o  -v -Wl,-soname -Wl,conftest -o conftest 2\>\&1 \| /usr/bin/grep  -lc  \>/dev/null 2\>\&1
configure:13224: $? = 0
configure:13238: result: no
configure:13398: checking dynamic linker characteristics
configure:13980: gcc -o conftest -g -O2   -Wl,-rpath -Wl,/foo conftest.c  >&5
configure:13980: $? = 0
configure:14231: result: GNU/Linux ld.so
configure:14353: checking how to hardcode library paths into programs
configure:14378: result: immediate
configure:14930: checking whether stripping libraries is possible
configure:14939: result: yes
configure:14981: checking if libtool supports shared libraries
configure:14983: result: yes
configure:14986: checking whether to build shared libraries
configure:15011: result: yes
configure:15014: checking whether to build static libraries
configure:15018: result: yes
configure:15041: checking how to run the C++ preprocessor
configure:15063: g++ -std=c++11 -E  conftest.cpp
configure:15063: $? = 0
configure:15078: g++ -std=c++11 -E  conftest.cpp
conftest.cpp:22:10: fatal error: ac_nonexistent.h: No such file or directory
   22 | #include <ac_nonexistent.h>
      |          ^~~~~~~~~~~~~~~~~~
compilation terminated.
configure:15078: $? = 1
configure: failed program was:
| /* confdefs.h */
| #define PACKAGE_NAME "Notebc Core"
| #define PACKAGE_TARNAME "notebc"
| #define PACKAGE_VERSION "1.1.0"
| #define PACKAGE_STRING "Notebc Core 1.1.0"
| #define PACKAGE_BUGREPORT "https://www.notebc.com/"
| #define PACKAGE_URL "https://www.notebc.com/"
| #define HAVE_CXX11 1
| #define HAVE_STDIO_H 1
| #define HAVE_STDLIB_H 1
| #define HAVE_STRING_H 1
| #define HAVE_INTTYPES_H 1
| #define HAVE_STDINT_H 1
| #define HAVE_STRINGS_H 1
| #define HAVE_SYS_STAT_H 1
| #define HAVE_SYS_TYPES_H 1
| #define HAVE_UNISTD_H 1
| #define STDC_HEADERS 1
| #define HAVE_DLFCN_H 1
| #define LT_OBJDIR ".libs/"
| /* end confdefs.h.  */
| #include <ac_nonexistent.h>
configure:15105: result: g++ -std=c++11 -E
configure:15119: g++ -std=c++11 -E  conftest.cpp
configure:15119: $? = 0
configure:15134: g++ -std=c++11 -E  conftest.cpp
conftest.cpp:22:10: fatal error: ac_nonexistent.h: No such file or directory
   22 | #include <ac_nonexistent.h>
      |          ^~~~~~~~~~~~~~~~~~
compilation terminated.
configure:15134: $? = 1
configure: failed program was:
| /* confdefs.h */
| #define PACKAGE_NAME "Notebc Core"
| #define PACKAGE_TARNAME "notebc"
| #define PACKAGE_VERSION "1.1.0"
| #define PACKAGE_STRING "Notebc Core 1.1.0"
| #define PACKAGE_BUGREPORT "https://www.notebc.com/"
| #define PACKAGE_URL "https://www.notebc.com/"
| #define HAVE_CXX11 1
| #define HAVE_STDIO_H 1
| #define HAVE_STDLIB_H 1
| #define HAVE_STRING_H 1
| #define HAVE_INTTYPES_H 1
| #define HAVE_STDINT_H 1
| #define HAVE_STRINGS_H 1
| #define HAVE_SYS_STAT_H 1
| #define HAVE_SYS_TYPES_H 1
| #define HAVE_UNISTD_H 1
| #define STDC_HEADERS 1
| #define HAVE_DLFCN_H 1
| #define LT_OBJDIR ".libs/"
| /* end confdefs.h.  */
| #include <ac_nonexistent.h>
configure:15299: checking for ld used by g++ -std=c++11
configure:15367: result: /usr/bin/ld -m elf_x86_64
configure:15374: checking if the linker (/usr/bin/ld -m elf_x86_64) is GNU ld
configure:15390: result: yes
configure:15445: checking whether the g++ -std=c++11 linker (/usr/bin/ld -m elf_x86_64) supports shared libraries
configure:16523: result: yes
configure:16559: g++ -std=c++11 -c -g -O2  conftest.cpp >&5
configure:16562: $? = 0
configure:17043: checking for g++ -std=c++11 option to produce PIC
configure:17051: result: -fPIC -DPIC
configure:17059: checking if g++ -std=c++11 PIC flag -fPIC -DPIC works
configure:17078: g++ -std=c++11 -c -g -O2  -fPIC -DPIC -DPIC conftest.cpp >&5
configure:17082: $? = 0
configure:17095: result: yes
configure:17118: checking if g++ -std=c++11 static flag -static works
configure:17147: result: yes
configure:17159: checking if g++ -std=c++11 supports -c -o file.o
configure:17181: g++ -std=c++11 -c -g -O2  -o out/conftest2.o conftest.cpp >&5
configure:17185: $? = 0
configure:17207: result: yes
configure:17212: checking if g++ -std=c++11 supports -c -o file.o
configure:17260: result: yes
configure:17290: checking whether the g++ -std=c++11 linker (/usr/bin/ld -m elf_x86_64) supports shared libraries
configure:17333: result: yes
configure:17475: checking dynamic linker characteristics
configure:18235: result: GNU/Linux ld.so
configure:18300: checking how to hardcode library paths into programs
configure:18325: result: immediate
configure:18438: checking for ar
configure:18461: found /usr/bin/ar
configure:18473: result: /usr/bin/ar
configure:18546: checking for ranlib
configure:18569: found /usr/bin/ranlib
configure:18581: result: /usr/bin/ranlib
configure:18654: checking for strip
configure:18677: found /usr/bin/strip
configure:18689: result: /usr/bin/strip
configure:18762: checking for gcov
configure:18785: found /usr/bin/gcov
configure:18797: result: /usr/bin/gcov
configure:18821: checking for lcov
configure:18859: result: no
configure:18868: checking for python3.6
configure:18906: result: no
configure:18868: checking for python3.5
configure:18906: result: no
configure:18868: checking for python3.4
configure:18906: result: no
configure:18868: checking for python3
configure:18891: found /usr/bin/python3
configure:18903: result: /usr/bin/python3
configure:18916: checking for genhtml
configure:18954: result: no
configure:18961: checking for git
configure:18984: found /usr/bin/git
configure:18996: result: /usr/bin/git
configure:19006: checking for ccache
configure:19044: result: no
configure:19051: checking for xgettext
configure:19074: found /usr/bin/xgettext
configure:19086: result: /usr/bin/xgettext
configure:19096: checking for hexdump
configure:19119: found /usr/bin/hexdump
configure:19131: result: /usr/bin/hexdump
configure:19190: checking for readelf
configure:19213: found /usr/bin/readelf
configure:19225: result: /usr/bin/readelf
configure:19298: checking for c++filt
configure:19321: found /usr/bin/c++filt
configure:19333: result: /usr/bin/c++filt
configure:19406: checking for objcopy
configure:19429: found /usr/bin/objcopy
configure:19441: result: /usr/bin/objcopy
configure:19689: checking whether C++ compiler accepts -Werror
configure:19709: g++ -std=c++11 -c -g -O2  -Werror  conftest.cpp >&5
configure:19709: $? = 0
configure:19718: result: yes
configure:19828: checking whether C++ compiler accepts -Wall
configure:19848: g++ -std=c++11 -c -g -O2 -Werror -Wall  conftest.cpp >&5
configure:19848: $? = 0
configure:19858: result: yes
configure:19868: checking whether C++ compiler accepts -Wextra
configure:19888: g++ -std=c++11 -c -g -O2 -Wall -Werror -Wextra  conftest.cpp >&5
configure:19888: $? = 0
configure:19898: result: yes
configure:19908: checking whether C++ compiler accepts -Wformat
configure:19928: g++ -std=c++11 -c -g -O2 -Wall -Wextra -Werror -Wformat  conftest.cpp >&5
configure:19928: $? = 0
configure:19938: result: yes
configure:19948: checking whether C++ compiler accepts -Wvla
configure:19968: g++ -std=c++11 -c -g -O2 -Wall -Wextra -Wformat -Werror -Wvla  conftest.cpp >&5
configure:19968: $? = 0
configure:19978: result: yes
configure:19988: checking whether C++ compiler accepts -Wformat-security
configure:20008: g++ -std=c++11 -c -g -O2 -Wall -Wextra -Wformat -Wvla -Werror -Wformat-security  conftest.cpp >&5
configure:20008: $? = 0
configure:20018: result: yes
configure:20028: checking whether C++ compiler accepts -Wthread-safety-analysis
configure:20048: g++ -std=c++11 -c -g -O2 -Wall -Wextra -Wformat -Wvla -Wformat-security -Werror -Wthread-safety-analysis  conftest.cpp >&5
g++: error: unrecognized command-line option '-Wthread-safety-analysis'
configure:20048: $? = 1
configure: failed program was:
| /* confdefs.h */
| #define PACKAGE_NAME "Notebc Core"
| #define PACKAGE_TARNAME "notebc"
| #define PACKAGE_VERSION "1.1.0"
| #define PACKAGE_STRING "Notebc Core 1.1.0"
| #define PACKAGE_BUGREPORT "https://www.notebc.com/"
| #define PACKAGE_URL "https://www.notebc.com/"
| #define HAVE_CXX11 1
| #define HAVE_STDIO_H 1
| #define HAVE_STDLIB_H 1
| #define HAVE_STRING_H 1
| #define HAVE_INTTYPES_H 1
| #define HAVE_STDINT_H 1
| #define HAVE_STRINGS_H 1
| #define HAVE_SYS_STAT_H 1
| #define HAVE_SYS_TYPES_H 1
| #define HAVE_UNISTD_H 1
| #define STDC_HEADERS 1
| #define HAVE_DLFCN_H 1
| #define LT_OBJDIR ".libs/"
| #define USE_ASM 1
| /* end confdefs.h.  */
| 
| int
| main (void)
| {
| 
|   ;
|   return 0;
| }
configure:20058: result: no
configure:20072: checking whether C++ compiler accepts -Wunused-parameter
configure:20092: g++ -std=c++11 -c -g -O2 -Wall -Wextra -Wformat -Wvla -Wformat-security -Werror -Wunused-parameter  conftest.cpp >&5
configure:20092: $? = 0
configure:20102: result: yes
configure:20112: checking whether C++ compiler accepts -Wself-assign
configure:20132: g++ -std=c++11 -c -g -O2 -Wall -Wextra -Wformat -Wvla -Wformat-security -Wno-unused-parameter -Werror -Wself-assign  conftest.cpp >&5
g++: error: unrecognized command-line option '-Wself-assign'
configure:20132: $? = 1
configure: failed program was:
| /* confdefs.h */
| #define PACKAGE_NAME "Notebc Core"
| #define PACKAGE_TARNAME "notebc"
| #define PACKAGE_VERSION "1.1.0"
| #define PACKAGE_STRING "Notebc Core 1.1.0"
| #define PACKAGE_BUGREPORT "https://www.notebc.com/"
| #define PACKAGE_URL "https://www.notebc.com/"
| #define HAVE_CXX11 1
| #define HAVE_STDIO_H 1
| #define HAVE_STDLIB_H 1
| #define HAVE_STRING_H 1
| #define HAVE_INTTYPES_H 1
| #define HAVE_STDINT_H 1
| #define HAVE_STRINGS_H 1
| #define HAVE_SYS_STAT_H 1
| #define HAVE_SYS_TYPES_H 1
| #define HAVE_UNISTD_H 1
| #define STDC_HEADERS 1
| #define HAVE_DLFCN_H 1
| #define LT_OBJDIR ".libs/"
| #define USE_ASM 1
| /* end confdefs.h.  */
| 
| int
| main (void)
| {
| 
|   ;
|   return 0;
| }
configure:20142: result: no
configure:20152: checking whether C++ compiler accepts -Wunused-local-typedef
configure:20172: g++ -std=c++11 -c -g -O2 -Wall -Wextra -Wformat -Wvla -Wformat-security -Wno-unused-parameter -Werror -Wunused-local-typedef  conftest.cpp >&5
g++: error: unrecognized command-line option '-Wunused-local-typedef'; did you mean '-Wunused-local-typedefs'?
configure:20172: $? = 1
configure: failed program was:
| /* confdefs.h */
| #define PACKAGE_NAME "Notebc Core"
| #define PACKAGE_TARNAME "notebc"
| #define PACKAGE_VERSION "1.1.0"
| #define PACKAGE_STRING "Notebc Core 1.1.0"
| #define PACKAGE_BUGREPORT "https://www.notebc.com/"
| #define PACKAGE_URL "https://www.notebc.com/"
| #define HAVE_CXX11 1
| #define HAVE_STDIO_H 1
| #define HAVE_STDLIB_H 1
| #define HAVE_STRING_H 1
| #define HAVE_INTTYPES_H 1
| #define HAVE_STDINT_H 1
| #define HAVE_STRINGS_H 1
| #define HAVE_SYS_STAT_H 1
| #define HAVE_SYS_TYPES_H 1
| #define HAVE_UNISTD_H 1
| #define STDC_HEADERS 1
| #define HAVE_DLFCN_H 1
| #define LT_OBJDIR ".libs/"
| #define USE_ASM 1
| /* end confdefs.h.  */
| 
| int
| main (void)
| {
| 
|   ;
|   return 0;
| }
configure:20182: result: no
configure:20192: checking whether C++ compiler accepts -Wdeprecated-register
configure:20212: g++ -std=c++11 -c -g -O2 -Wall -Wextra -Wformat -Wvla -Wformat-security -Wno-unused-parameter -Werror -Wdeprecated-register  conftest.cpp >&5
g++: error: unrecognized command-line option '-Wdeprecated-register'; did you mean '-Wdeprecated-copy-dtor'?
configure:20212: $? = 1
configure: failed program was:
| /* confdefs.h */
| #define PACKAGE_NAME "Notebc Core"
| #define PACKAGE_TARNAME "notebc"
| #define PACKAGE_VERSION "1.1.0"
| #define PACKAGE_STRING "Notebc Core 1.1.0"
| #define PACKAGE_BUGREPORT "https://www.notebc.com/"
| #define PACKAGE_URL "https://www.notebc.com/"
| #define HAVE_CXX11 1
| #define HAVE_STDIO_H 1
| #define HAVE_STDLIB_H 1
| #define HAVE_STRING_H 1
| #define HAVE_INTTYPES_H 1
| #define HAVE_STDINT_H 1
| #define HAVE_STRINGS_H 1
| #define HAVE_SYS_STAT_H 1
| #define HAVE_SYS_TYPES_H 1
| #define HAVE_UNISTD_H 1
| #define STDC_HEADERS 1
| #define HAVE_DLFCN_H 1
| #define LT_OBJDIR ".libs/"
| #define USE_ASM 1
| /* end confdefs.h.  */
| 
| int
| main (void)
| {
| 
|   ;
|   return 0;
| }
configure:20222: result: no
configure:20232: checking whether C++ compiler accepts -Wimplicit-fallthrough
configure:20252: g++ -std=c++11 -c -g -O2 -Wall -Wextra -Wformat -Wvla -Wformat-security -Wno-unused-parameter -Werror -Wimplicit-fallthrough  conftest.cpp >&5
configure:20252: $? = 0
configure:20262: result: yes
configure:20277: checking whether C++ compiler accepts -msse4.2
configure:20297: g++ -std=c++11 -c -g -O2 -Wall -Wextra -Wformat -Wvla -Wformat-security -Wno-unused-parameter -Wno-implicit-fallthrough -Werror -msse4.2  conftest.cpp >&5
configure:20297: $? = 0
configure:20307: result: yes
configure:20319: checking for assembler crc32 support
configure:20345: g++ -std=c++11 -c -g -O2 -Wall -Wextra -Wformat -Wvla -Wformat-security -Wno-unused-parameter -Wno-implicit-fallthrough -msse4.2  conftest.cpp >&5
configure:20345: $? = 0
configure:20347: result: yes
configure:22179: checking for pkg-config
configure:22202: found /usr/bin/pkg-config
configure:22214: result: /usr/bin/pkg-config
configure:22239: checking pkg-config is at least version 0.9.0
configure:22242: result: yes
configure:22363: checking whether byte ordering is bigendian
configure:22379: g++ -std=c++11 -c -g -O2 -Wall -Wextra -Wformat -Wvla -Wformat-security -Wno-unused-parameter -Wno-implicit-fallthrough  -DHAVE_BUILD_INFO -D__STDC_FORMAT_MACROS conftest.cpp >&5
conftest.cpp:24:16: error: expected unqualified-id before 'not' token
   24 |                not a universal capable compiler
      |                ^~~
configure:22379: $? = 1
configure: failed program was:
| /* confdefs.h */
| #define PACKAGE_NAME "Notebc Core"
| #define PACKAGE_TARNAME "notebc"
| #define PACKAGE_VERSION "1.1.0"
| #define PACKAGE_STRING "Notebc Core 1.1.0"
| #define PACKAGE_BUGREPORT "https://www.notebc.com/"
| #define PACKAGE_URL "https://www.notebc.com/"
| #define HAVE_CXX11 1
| #define HAVE_STDIO_H 1
| #define HAVE_STDLIB_H 1
| #define HAVE_STRING_H 1
| #define HAVE_INTTYPES_H 1
| #define HAVE_STDINT_H 1
| #define HAVE_STRINGS_H 1
| #define HAVE_SYS_STAT_H 1
| #define HAVE_SYS_TYPES_H 1
| #define HAVE_UNISTD_H 1
| #define STDC_HEADERS 1
| #define HAVE_DLFCN_H 1
| #define LT_OBJDIR ".libs/"
| #define USE_ASM 1
| /* end confdefs.h.  */
| #ifndef __APPLE_CC__
| 	       not a universal capable compiler
| 	     #endif
| 	     typedef int dummy;
| 
configure:22425: g++ -std=c++11 -c -g -O2 -Wall -Wextra -Wformat -Wvla -Wformat-security -Wno-unused-parameter -Wno-implicit-fallthrough  -DHAVE_BUILD_INFO -D__STDC_FORMAT_MACROS conftest.cpp >&5
configure:22425: $? = 0
configure:22444: g++ -std=c++11 -c -g -O2 -Wall -Wextra -Wformat -Wvla -Wformat-security -Wno-unused-parameter -Wno-implicit-fallthrough  -DHAVE_BUILD_INFO -D__STDC_FORMAT_MACROS conftest.cpp >&5
conftest.cpp: In function 'int main()':
conftest.cpp:30:22: error: 'big' was not declared in this scope
   30 |                  not big endian
      |                      ^~~
configure:22444: $? = 1
configure: failed program was:
| /* confdefs.h */
| #define PACKAGE_NAME "Notebc Core"
| #define PACKAGE_TARNAME "notebc"
| #define PACKAGE_VERSION "1.1.0"
| #define PACKAGE_STRING "Notebc Core 1.1.0"
| #define PACKAGE_BUGREPORT "https://www.notebc.com/"
| #define PACKAGE_URL "https://www.notebc.com/"
| #define HAVE_CXX11 1
| #define HAVE_STDIO_H 1
| #define HAVE_STDLIB_H 1
| #define HAVE_STRING_H 1
| #define HAVE_INTTYPES_H 1
| #define HAVE_STDINT_H 1
| #define HAVE_STRINGS_H 1
| #define HAVE_SYS_STAT_H 1
| #define HAVE_SYS_TYPES_H 1
| #define HAVE_UNISTD_H 1
| #define STDC_HEADERS 1
| #define HAVE_DLFCN_H 1
| #define LT_OBJDIR ".libs/"
| #define USE_ASM 1
| /* end confdefs.h.  */
| #include <sys/types.h>
| 		#include <sys/param.h>
| 
| int
| main (void)
| {
| #if BYTE_ORDER != BIG_ENDIAN
| 		 not big endian
| 		#endif
| 
|   ;
|   return 0;
| }
configure:22578: result: no
configure:22602: checking how to run the C preprocessor
configure:22628: gcc -E  -DHAVE_BUILD_INFO -D__STDC_FORMAT_MACROS conftest.c
configure:22628: $? = 0
configure:22643: gcc -E  -DHAVE_BUILD_INFO -D__STDC_FORMAT_MACROS conftest.c
conftest.c:23:10: fatal error: ac_nonexistent.h: No such file or directory
   23 | #include <ac_nonexistent.h>
      |          ^~~~~~~~~~~~~~~~~~
compilation terminated.
configure:22643: $? = 1
configure: failed program was:
| /* confdefs.h */
| #define PACKAGE_NAME "Notebc Core"
| #define PACKAGE_TARNAME "notebc"
| #define PACKAGE_VERSION "1.1.0"
| #define PACKAGE_STRING "Notebc Core 1.1.0"
| #define PACKAGE_BUGREPORT "https://www.notebc.com/"
| #define PACKAGE_URL "https://www.notebc.com/"
| #define HAVE_CXX11 1
| #define HAVE_STDIO_H 1
| #define HAVE_STDLIB_H 1
| #define HAVE_STRING_H 1
| #define HAVE_INTTYPES_H 1
| #define HAVE_STDINT_H 1
| #define HAVE_STRINGS_H 1
| #define HAVE_SYS_STAT_H 1
| #define HAVE_SYS_TYPES_H 1
| #define HAVE_UNISTD_H 1
| #define STDC_HEADERS 1
| #define HAVE_DLFCN_H 1
| #define LT_OBJDIR ".libs/"
| #define USE_ASM 1
| /* end confdefs.h.  */
| #include <ac_nonexistent.h>
configure:22670: result: gcc -E
configure:22684: gcc -E  -DHAVE_BUILD_INFO -D__STDC_FORMAT_MACROS conftest.c
configure:22684: $? = 0
configure:22699: gcc -E  -DHAVE_BUILD_INFO -D__STDC_FORMAT_MACROS conftest.c
conftest.c:23:10: fatal error: ac_nonexistent.h: No such file or directory
   23 | #include <ac_nonexistent.h>
      |          ^~~~~~~~~~~~~~~~~~
compilation terminated.
configure:22699: $? = 1
configure: failed program was:
| /* confdefs.h */
| #define PACKAGE_NAME "Notebc Core"
| #define PACKAGE_TARNAME "notebc"
| #define PACKAGE_VERSION "1.1.0"
| #define PACKAGE_STRING "Notebc Core 1.1.0"
| #define PACKAGE_BUGREPORT "https://www.notebc.com/"
| #define PACKAGE_URL "https://www.notebc.com/"
| #define HAVE_CXX11 1
| #define HAVE_STDIO_H 1
| #define HAVE_STDLIB_H 1
| #define HAVE_STRING_H 1
| #define HAVE_INTTYPES_H 1
| #define HAVE_STDINT_H 1
| #define HAVE_STRINGS_H 1
| #define HAVE_SYS_STAT_H 1
| #define HAVE_SYS_TYPES_H 1
| #define HAVE_UNISTD_H 1
| #define STDC_HEADERS 1
| #define HAVE_DLFCN_H 1
| #define LT_OBJDIR ".libs/"
| #define USE_ASM 1
| /* end confdefs.h.  */
| #include <ac_nonexistent.h>
configure:22915: checking whether gcc is Clang
configure:22942: result: no
configure:23070: checking whether pthreads work with -pthread
configure:23170: gcc -o conftest -g -O2 -pthread  -DHAVE_BUILD_INFO -D__STDC_FORMAT_MACROS  conftest.c   >&5
configure:23170: $? = 0
configure:23180: result: yes
configure:23200: checking for joinable pthread attribute
configure:23219: gcc -o conftest -g -O2 -pthread  -DHAVE_BUILD_INFO -D__STDC_FORMAT_MACROS  conftest.c   >&5
configure:23219: $? = 0
configure:23228: result: PTHREAD_CREATE_JOINABLE
configure:23241: checking whether more special flags are required for pthreads
configure:23255: result: no
configure:23264: checking for PTHREAD_PRIO_INHERIT
configure:23281: gcc -o conftest -g -O2 -pthread  -DHAVE_BUILD_INFO -D__STDC_FORMAT_MACROS  conftest.c   >&5
configure:23281: $? = 0
configure:23291: result: yes
configure:23412: checking for special C compiler options needed for large files
configure:23460: result: no
configure:23466: checking for _FILE_OFFSET_BITS value needed for large files
configure:23492: g++ -std=c++11 -c -g -O2 -Wall -Wextra -Wformat -Wvla -Wformat-security -Wno-unused-parameter -Wno-implicit-fallthrough  -DHAVE_BUILD_INFO -D__STDC_FORMAT_MACROS conftest.cpp >&5
configure:23492: $? = 0
configure:23526: result: no
configure:23609: checking for g++ -std=c++11 options needed to detect all undeclared functions
configure:23631: g++ -std=c++11 -c -g -O2 -Wall -Wextra -Wformat -Wvla -Wformat-security -Wno-unused-parameter -Wno-implicit-fallthrough  -DHAVE_BUILD_INFO -D__STDC_FORMAT_MACROS conftest.cpp >&5
conftest.cpp: In function 'int main()':
conftest.cpp:29:8: error: 'strchr' was not declared in this scope
   29 | (void) strchr;
      |        ^~~~~~
conftest.cpp:1:1: note: 'strchr' is defined in header '<cstring>'; did you forget to '#include <cstring>'?
    1 | /* confdefs.h */
configure:23631: $? = 1
configure: failed program was:
| /* confdefs.h */
| #define PACKAGE_NAME "Notebc Core"
| #define PACKAGE_TARNAME "notebc"
| #define PACKAGE_VERSION "1.1.0"
| #define PACKAGE_STRING "Notebc Core 1.1.0"
| #define PACKAGE_BUGREPORT "https://www.notebc.com/"
| #define PACKAGE_URL "https://www.notebc.com/"
| #define HAVE_CXX11 1
| #define HAVE_STDIO_H 1
| #define HAVE_STDLIB_H 1
| #define HAVE_STRING_H 1
| #define HAVE_INTTYPES_H 1
| #define HAVE_STDINT_H 1
| #define HAVE_STRINGS_H 1
| #define HAVE_SYS_STAT_H 1
| #define HAVE_SYS_TYPES_H 1
| #define HAVE_UNISTD_H 1
| #define STDC_HEADERS 1
| #define HAVE_DLFCN_H 1
| #define LT_OBJDIR ".libs/"
| #define USE_ASM 1
| #define HAVE_PTHREAD_PRIO_INHERIT 1
| #define HAVE_PTHREAD 1
| /* end confdefs.h.  */
| 
| int
| main (void)
| {
| (void) strchr;
|   ;
|   return 0;
| }
configure:23658: g++ -std=c++11 -c -g -O2 -Wall -Wextra -Wformat -Wvla -Wformat-security -Wno-unused-parameter -Wno-implicit-fallthrough  -DHAVE_BUILD_INFO -D__STDC_FORMAT_MACROS conftest.cpp >&5
configure:23658: $? = 0
configure:23675: result: none needed
configure:23689: checking whether strerror_r is declared
configure:23689: g++ -std=c++11 -c -g -O2 -Wall -Wextra -Wformat -Wvla -Wformat-security -Wno-unused-parameter -Wno-implicit-fallthrough   -DHAVE_BUILD_INFO -D__STDC_FORMAT_MACROS conftest.cpp >&5
configure:23689: $? = 0
configure:23689: result: yes
configure:23708: checking whether strerror_r returns char *
configure:23733: g++ -std=c++11 -c -g -O2 -Wall -Wextra -Wformat -Wvla -Wformat-security -Wno-unused-parameter -Wno-implicit-fallthrough  -DHAVE_BUILD_INFO -D__STDC_FORMAT_MACROS conftest.cpp >&5
configure:23733: $? = 0
configure:23742: result: yes
configure:23763: checking whether the linker accepts -Wl,--large-address-aware
configure:23783: g++ -std=c++11 -o conftest -g -O2 -Wall -Wextra -Wformat -Wvla -Wformat-security -Wno-unused-parameter -Wno-implicit-fallthrough  -DHAVE_BUILD_INFO -D__STDC_FORMAT_MACROS   -Wl,--large-address-aware conftest.cpp  >&5
/usr/bin/ld: unrecognized option '--large-address-aware'
/usr/bin/ld: use the --help option for usage information
collect2: error: ld returned 1 exit status
configure:23783: $? = 1
configure: failed program was:
| /* confdefs.h */
| #define PACKAGE_NAME "Notebc Core"
| #define PACKAGE_TARNAME "notebc"
| #define PACKAGE_VERSION "1.1.0"
| #define PACKAGE_STRING "Notebc Core 1.1.0"
| #define PACKAGE_BUGREPORT "https://www.notebc.com/"
| #define PACKAGE_URL "https://www.notebc.com/"
| #define HAVE_CXX11 1
| #define HAVE_STDIO_H 1
| #define HAVE_STDLIB_H 1
| #define HAVE_STRING_H 1
| #define HAVE_INTTYPES_H 1
| #define HAVE_STDINT_H 1
| #define HAVE_STRINGS_H 1
| #define HAVE_SYS_STAT_H 1
| #define HAVE_SYS_TYPES_H 1
| #define HAVE_UNISTD_H 1
| #define STDC_HEADERS 1
| #define HAVE_DLFCN_H 1
| #define LT_OBJDIR ".libs/"
| #define USE_ASM 1
| #define HAVE_PTHREAD_PRIO_INHERIT 1
| #define HAVE_PTHREAD 1
| #define HAVE_DECL_STRERROR_R 1
| #define HAVE_STRERROR_R 1
| #define STRERROR_R_CHAR_P 1
| /* end confdefs.h.  */
| 
| int
| main (void)
| {
| 
|   ;
|   return 0;
| }
configure:23793: result: no
configure:23806: checking for __attribute__((visibility))
configure:23831: g++ -std=c++11 -o conftest -g -O2 -Wall -Wextra -Wformat -Wvla -Wformat-security -Wno-unused-parameter -Wno-implicit-fallthrough  -DHAVE_BUILD_INFO -D__STDC_FORMAT_MACROS  conftest.cpp  >&5
configure:23831: $? = 0
configure:23846: result: yes
configure:23861: checking for __attribute__((dllexport))
configure:23883: g++ -std=c++11 -o conftest -g -O2 -Wall -Wextra -Wformat -Wvla -Wformat-security -Wno-unused-parameter -Wno-implicit-fallthrough  -DHAVE_BUILD_INFO -D__STDC_FORMAT_MACROS  conftest.cpp  >&5
conftest.cpp:31:62: warning: 'dllexport' attribute directive ignored [-Wattributes]
   31 |                     __attribute__((dllexport)) int foo( void ) { return 0; }
      |                                                              ^
configure:23883: $? = 0
configure:23898: result: no
configure:23913: checking for __attribute__((dllimport))
configure:23935: g++ -std=c++11 -o conftest -g -O2 -Wall -Wextra -Wformat -Wvla -Wformat-security -Wno-unused-parameter -Wno-implicit-fallthrough  -DHAVE_BUILD_INFO -D__STDC_FORMAT_MACROS  conftest.cpp  >&5
conftest.cpp:31:62: warning: 'dllimport' attribute directive ignored [-Wattributes]
   31 |                     int foo( void ) __attribute__((dllimport));
      |                                                              ^
configure:23935: $? = 0
configure:23950: result: no
configure:24045: checking for library containing clock_gettime
configure:24074: g++ -std=c++11 -o conftest -g -O2 -Wall -Wextra -Wformat -Wvla -Wformat-security -Wno-unused-parameter -Wno-implicit-fallthrough  -DHAVE_BUILD_INFO -D__STDC_FORMAT_MACROS  conftest.cpp  >&5
configure:24074: $? = 0
configure:24094: result: none required
configure:24107: checking whether C++ compiler accepts -fPIC
configure:24127: g++ -std=c++11 -c -g -O2 -Wall -Wextra -Wformat -Wvla -Wformat-security -Wno-unused-parameter -Wno-implicit-fallthrough  -fPIC  -DHAVE_BUILD_INFO -D__STDC_FORMAT_MACROS conftest.cpp >&5
configure:24127: $? = 0
configure:24136: result: yes
configure:24148: checking whether C++ compiler accepts -Wstack-protector
configure:24168: g++ -std=c++11 -c -g -O2 -Wall -Wextra -Wformat -Wvla -Wformat-security -Wno-unused-parameter -Wno-implicit-fallthrough  -Wstack-protector  -DHAVE_BUILD_INFO -D__STDC_FORMAT_MACROS conftest.cpp >&5
configure:24168: $? = 0
configure:24177: result: yes
configure:24186: checking whether C++ compiler accepts -fstack-protector-all
configure:24206: g++ -std=c++11 -c -g -O2 -Wall -Wextra -Wformat -Wvla -Wformat-security -Wno-unused-parameter -Wno-implicit-fallthrough  -fstack-protector-all  -DHAVE_BUILD_INFO -D__STDC_FORMAT_MACROS conftest.cpp >&5
configure:24206: $? = 0
configure:24215: result: yes
configure:24226: checking whether C++ preprocessor accepts -D_FORTIFY_SOURCE=2
configure:24246: g++ -std=c++11 -E  -DHAVE_BUILD_INFO -D__STDC_FORMAT_MACROS  -D_FORTIFY_SOURCE=2 conftest.cpp
configure:24246: $? = 0
configure:24255: result: yes
configure:24260: checking whether C++ preprocessor accepts -U_FORTIFY_SOURCE
configure:24280: g++ -std=c++11 -E  -DHAVE_BUILD_INFO -D__STDC_FORMAT_MACROS  -U_FORTIFY_SOURCE conftest.cpp
configure:24280: $? = 0
configure:24289: result: yes
configure:24307: checking whether the linker accepts -Wl,--dynamicbase
configure:24327: g++ -std=c++11 -o conftest -g -O2 -Wall -Wextra -Wformat -Wvla -Wformat-security -Wno-unused-parameter -Wno-implicit-fallthrough  -DHAVE_BUILD_INFO -D__STDC_FORMAT_MACROS   -Wl,--dynamicbase conftest.cpp  >&5
/usr/bin/ld: unrecognized option '--dynamicbase'
/usr/bin/ld: use the --help option for usage information
collect2: error: ld returned 1 exit status
configure:24327: $? = 1
configure: failed program was:
| /* confdefs.h */
| #define PACKAGE_NAME "Notebc Core"
| #define PACKAGE_TARNAME "notebc"
| #define PACKAGE_VERSION "1.1.0"
| #define PACKAGE_STRING "Notebc Core 1.1.0"
| #define PACKAGE_BUGREPORT "https://www.notebc.com/"
| #define PACKAGE_URL "https://www.notebc.com/"
| #define HAVE_CXX11 1
| #define HAVE_STDIO_H 1
| #define HAVE_STDLIB_H 1
| #define HAVE_STRING_H 1
| #define HAVE_INTTYPES_H 1
| #define HAVE_STDINT_H 1
| #define HAVE_STRINGS_H 1
| #define HAVE_SYS_STAT_H 1
| #define HAVE_SYS_TYPES_H 1
| #define HAVE_UNISTD_H 1
| #define STDC_HEADERS 1
| #define HAVE_DLFCN_H 1
| #define LT_OBJDIR ".libs/"
| #define USE_ASM 1
| #define HAVE_PTHREAD_PRIO_INHERIT 1
| #define HAVE_PTHREAD 1
| #define HAVE_DECL_STRERROR_R 1
| #define HAVE_STRERROR_R 1
| #define STRERROR_R_CHAR_P 1
| #define HAVE_FUNC_ATTRIBUTE_VISIBILITY 1
| /* end confdefs.h.  */
| 
| int
| main (void)
| {
| 
|   ;
|   return 0;
| }
configure:24337: result: no
configure:24346: checking whether the linker accepts -Wl,--nxcompat
configure:24366: g++ -std=c++11 -o conftest -g -O2 -Wall -Wextra -Wformat -Wvla -Wformat-security -Wno-unused-parameter -Wno-implicit-fallthrough  -DHAVE_BUILD_INFO -D__STDC_FORMAT_MACROS   -Wl,--nxcompat conftest.cpp  >&5
/usr/bin/ld: unrecognized option '--nxcompat'
/usr/bin/ld: use the --help option for usage information
collect2: error: ld returned 1 exit status
configure:24366: $? = 1
configure: failed program was:
| /* confdefs.h */
| #define PACKAGE_NAME "Notebc Core"
| #define PACKAGE_TARNAME "notebc"
| #define PACKAGE_VERSION "1.1.0"
| #define PACKAGE_STRING "Notebc Core 1.1.0"
| #define PACKAGE_BUGREPORT "https://www.notebc.com/"
| #define PACKAGE_URL "https://www.notebc.com/"
| #define HAVE_CXX11 1
| #define HAVE_STDIO_H 1
| #define HAVE_STDLIB_H 1
| #define HAVE_STRING_H 1
| #define HAVE_INTTYPES_H 1
| #define HAVE_STDINT_H 1
| #define HAVE_STRINGS_H 1
| #define HAVE_SYS_STAT_H 1
| #define HAVE_SYS_TYPES_H 1
| #define HAVE_UNISTD_H 1
| #define STDC_HEADERS 1
| #define HAVE_DLFCN_H 1
| #define LT_OBJDIR ".libs/"
| #define USE_ASM 1
| #define HAVE_PTHREAD_PRIO_INHERIT 1
| #define HAVE_PTHREAD 1
| #define HAVE_DECL_STRERROR_R 1
| #define HAVE_STRERROR_R 1
| #define STRERROR_R_CHAR_P 1
| #define HAVE_FUNC_ATTRIBUTE_VISIBILITY 1
| /* end confdefs.h.  */
| 
| int
| main (void)
| {
| 
|   ;
|   return 0;
| }
configure:24376: result: no
configure:24385: checking whether the linker accepts -Wl,--high-entropy-va
configure:24405: g++ -std=c++11 -o conftest -g -O2 -Wall -Wextra -Wformat -Wvla -Wformat-security -Wno-unused-parameter -Wno-implicit-fallthrough  -DHAVE_BUILD_INFO -D__STDC_FORMAT_MACROS   -Wl,--high-entropy-va conftest.cpp  >&5
/usr/bin/ld: unrecognized option '--high-entropy-va'
/usr/bin/ld: use the --help option for usage information
collect2: error: ld returned 1 exit status
configure:24405: $? = 1
configure: failed program was:
| /* confdefs.h */
| #define PACKAGE_NAME "Notebc Core"
| #define PACKAGE_TARNAME "notebc"
| #define PACKAGE_VERSION "1.1.0"
| #define PACKAGE_STRING "Notebc Core 1.1.0"
| #define PACKAGE_BUGREPORT "https://www.notebc.com/"
| #define PACKAGE_URL "https://www.notebc.com/"
| #define HAVE_CXX11 1
| #define HAVE_STDIO_H 1
| #define HAVE_STDLIB_H 1
| #define HAVE_STRING_H 1
| #define HAVE_INTTYPES_H 1
| #define HAVE_STDINT_H 1
| #define HAVE_STRINGS_H 1
| #define HAVE_SYS_STAT_H 1
| #define HAVE_SYS_TYPES_H 1
| #define HAVE_UNISTD_H 1
| #define STDC_HEADERS 1
| #define HAVE_DLFCN_H 1
| #define LT_OBJDIR ".libs/"
| #define USE_ASM 1
| #define HAVE_PTHREAD_PRIO_INHERIT 1
| #define HAVE_PTHREAD 1
| #define HAVE_DECL_STRERROR_R 1
| #define HAVE_STRERROR_R 1
| #define STRERROR_R_CHAR_P 1
| #define HAVE_FUNC_ATTRIBUTE_VISIBILITY 1
| /* end confdefs.h.  */
| 
| int
| main (void)
| {
| 
|   ;
|   return 0;
| }
configure:24415: result: no
configure:24424: checking whether the linker accepts -Wl,-z,relro
configure:24444: g++ -std=c++11 -o conftest -g -O2 -Wall -Wextra -Wformat -Wvla -Wformat-security -Wno-unused-parameter -Wno-implicit-fallthrough  -DHAVE_BUILD_INFO -D__STDC_FORMAT_MACROS   -Wl,-z,relro conftest.cpp  >&5
configure:24444: $? = 0
configure:24454: result: yes
configure:24463: checking whether the linker accepts -Wl,-z,now
configure:24483: g++ -std=c++11 -o conftest -g -O2 -Wall -Wextra -Wformat -Wvla -Wformat-security -Wno-unused-parameter -Wno-implicit-fallthrough  -DHAVE_BUILD_INFO -D__STDC_FORMAT_MACROS   -Wl,-z,now conftest.cpp  >&5
configure:24483: $? = 0
configure:24493: result: yes
configure:24504: checking whether C++ compiler accepts -fPIE
configure:24524: g++ -std=c++11 -c -g -O2 -Wall -Wextra -Wformat -Wvla -Wformat-security -Wno-unused-parameter -Wno-implicit-fallthrough  -fPIE  -DHAVE_BUILD_INFO -D__STDC_FORMAT_MACROS conftest.cpp >&5
configure:24524: $? = 0
configure:24533: result: yes
configure:24542: checking whether the linker accepts -pie
configure:24562: g++ -std=c++11 -o conftest -g -O2 -Wall -Wextra -Wformat -Wvla -Wformat-security -Wno-unused-parameter -Wno-implicit-fallthrough  -DHAVE_BUILD_INFO -D__STDC_FORMAT_MACROS   -pie conftest.cpp  >&5
configure:24562: $? = 0
configure:24572: result: yes
configure:24675: checking for endian.h
configure:24675: g++ -std=c++11 -c -g -O2 -Wall -Wextra -Wformat -Wvla -Wformat-security -Wno-unused-parameter -Wno-implicit-fallthrough  -DHAVE_BUILD_INFO -D__STDC_FORMAT_MACROS conftest.cpp >&5
configure:24675: $? = 0
configure:24675: result: yes
configure:24681: checking for sys/endian.h
configure:24681: g++ -std=c++11 -c -g -O2 -Wall -Wextra -Wformat -Wvla -Wformat-security -Wno-unused-parameter -Wno-implicit-fallthrough  -DHAVE_BUILD_INFO -D__STDC_FORMAT_MACROS conftest.cpp >&5
conftest.cpp:58:10: fatal error: sys/endian.h: No such file or directory
   58 | #include <sys/endian.h>
      |          ^~~~~~~~~~~~~~
compilation terminated.
configure:24681: $? = 1
configure: failed program was:
| /* confdefs.h */
| #define PACKAGE_NAME "Notebc Core"
| #define PACKAGE_TARNAME "notebc"
| #define PACKAGE_VERSION "1.1.0"
| #define PACKAGE_STRING "Notebc Core 1.1.0"
| #define PACKAGE_BUGREPORT "https://www.notebc.com/"
| #define PACKAGE_URL "https://www.notebc.com/"
| #define HAVE_CXX11 1
| #define HAVE_STDIO_H 1
| #define HAVE_STDLIB_H 1
| #define HAVE_STRING_H 1
| #define HAVE_INTTYPES_H 1
| #define HAVE_STDINT_H 1
| #define HAVE_STRINGS_H 1
| #define HAVE_SYS_STAT_H 1
| #define HAVE_SYS_TYPES_H 1
| #define HAVE_UNISTD_H 1
| #define STDC_HEADERS 1
| #define HAVE_DLFCN_H 1
| #define LT_OBJDIR ".libs/"
| #define USE_ASM 1
| #define HAVE_PTHREAD_PRIO_INHERIT 1
| #define HAVE_PTHREAD 1
| #define HAVE_DECL_STRERROR_R 1
| #define HAVE_STRERROR_R 1
| #define STRERROR_R_CHAR_P 1
| #define HAVE_FUNC_ATTRIBUTE_VISIBILITY 1
| #define HAVE_ENDIAN_H 1
| /* end confdefs.h.  */
| #include <stddef.h>
| #ifdef HAVE_STDIO_H
| # include <stdio.h>
| #endif
| #ifdef HAVE_STDLIB_H
| # include <stdlib.h>
| #endif
| #ifdef HAVE_STRING_H
| # include <string.h>
| #endif
| #ifdef HAVE_INTTYPES_H
| # include <inttypes.h>
| #endif
| #ifdef HAVE_STDINT_H
| # include <stdint.h>
| #endif
| #ifdef HAVE_STRINGS_H
| # include <strings.h>
| #endif
| #ifdef HAVE_SYS_TYPES_H
| # include <sys/types.h>
| #endif
| #ifdef HAVE_SYS_STAT_H
| # include <sys/stat.h>
| #endif
| #ifdef HAVE_UNISTD_H
| # include <unistd.h>
| #endif
| #include <sys/endian.h>
configure:24681: result: no
configure:24687: checking for byteswap.h
configure:24687: g++ -std=c++11 -c -g -O2 -Wall -Wextra -Wformat -Wvla -Wformat-security -Wno-unused-parameter -Wno-implicit-fallthrough  -DHAVE_BUILD_INFO -D__STDC_FORMAT_MACROS conftest.cpp >&5
configure:24687: $? = 0
configure:24687: result: yes
configure:24693: checking for stdio.h
configure:24693: result: yes
configure:24699: checking for stdlib.h
configure:24699: result: yes
configure:24705: checking for unistd.h
configure:24705: result: yes
configure:24711: checking for strings.h
configure:24711: result: yes
configure:24717: checking for sys/types.h
configure:24717: result: yes
configure:24723: checking for sys/stat.h
configure:24723: result: yes
configure:24729: checking for sys/select.h
configure:24729: g++ -std=c++11 -c -g -O2 -Wall -Wextra -Wformat -Wvla -Wformat-security -Wno-unused-parameter -Wno-implicit-fallthrough  -DHAVE_BUILD_INFO -D__STDC_FORMAT_MACROS conftest.cpp >&5
configure:24729: $? = 0
configure:24729: result: yes
configure:24735: checking for sys/prctl.h
configure:24735: g++ -std=c++11 -c -g -O2 -Wall -Wextra -Wformat -Wvla -Wformat-security -Wno-unused-parameter -Wno-implicit-fallthrough  -DHAVE_BUILD_INFO -D__STDC_FORMAT_MACROS conftest.cpp >&5
configure:24735: $? = 0
configure:24735: result: yes
configure:24743: checking whether strnlen is declared
configure:24743: g++ -std=c++11 -c -g -O2 -Wall -Wextra -Wformat -Wvla -Wformat-security -Wno-unused-parameter -Wno-implicit-fallthrough   -DHAVE_BUILD_INFO -D__STDC_FORMAT_MACROS conftest.cpp >&5
configure:24743: $? = 0
configure:24743: result: yes
configure:24754: checking whether daemon is declared
configure:24754: g++ -std=c++11 -c -g -O2 -Wall -Wextra -Wformat -Wvla -Wformat-security -Wno-unused-parameter -Wno-implicit-fallthrough   -DHAVE_BUILD_INFO -D__STDC_FORMAT_MACROS conftest.cpp >&5
configure:24754: $? = 0
configure:24754: result: yes
configure:24764: checking whether le16toh is declared
configure:24764: g++ -std=c++11 -c -g -O2 -Wall -Wextra -Wformat -Wvla -Wformat-security -Wno-unused-parameter -Wno-implicit-fallthrough   -DHAVE_BUILD_INFO -D__STDC_FORMAT_MACROS conftest.cpp >&5
configure:24764: $? = 0
configure:24764: result: yes
configure:24777: checking whether le32toh is declared
configure:24777: g++ -std=c++11 -c -g -O2 -Wall -Wextra -Wformat -Wvla -Wformat-security -Wno-unused-parameter -Wno-implicit-fallthrough   -DHAVE_BUILD_INFO -D__STDC_FORMAT_MACROS conftest.cpp >&5
configure:24777: $? = 0
configure:24777: result: yes
configure:24790: checking whether le64toh is declared
configure:24790: g++ -std=c++11 -c -g -O2 -Wall -Wextra -Wformat -Wvla -Wformat-security -Wno-unused-parameter -Wno-implicit-fallthrough   -DHAVE_BUILD_INFO -D__STDC_FORMAT_MACROS conftest.cpp >&5
configure:24790: $? = 0
configure:24790: result: yes
configure:24803: checking whether htole16 is declared
configure:24803: g++ -std=c++11 -c -g -O2 -Wall -Wextra -Wformat -Wvla -Wformat-security -Wno-unused-parameter -Wno-implicit-fallthrough   -DHAVE_BUILD_INFO -D__STDC_FORMAT_MACROS conftest.cpp >&5
configure:24803: $? = 0
configure:24803: result: yes
configure:24816: checking whether htole32 is declared
configure:24816: g++ -std=c++11 -c -g -O2 -Wall -Wextra -Wformat -Wvla -Wformat-security -Wno-unused-parameter -Wno-implicit-fallthrough   -DHAVE_BUILD_INFO -D__STDC_FORMAT_MACROS conftest.cpp >&5
configure:24816: $? = 0
configure:24816: result: yes
configure:24829: checking whether htole64 is declared
configure:24829: g++ -std=c++11 -c -g -O2 -Wall -Wextra -Wformat -Wvla -Wformat-security -Wno-unused-parameter -Wno-implicit-fallthrough   -DHAVE_BUILD_INFO -D__STDC_FORMAT_MACROS conftest.cpp >&5
configure:24829: $? = 0
configure:24829: result: yes
configure:24842: checking whether be16toh is declared
configure:24842: g++ -std=c++11 -c -g -O2 -Wall -Wextra -Wformat -Wvla -Wformat-security -Wno-unused-parameter -Wno-implicit-fallthrough   -DHAVE_BUILD_INFO -D__STDC_FORMAT_MACROS conftest.cpp >&5
configure:24842: $? = 0
configure:24842: result: yes
configure:24855: checking whether be32toh is declared
configure:24855: g++ -std=c++11 -c -g -O2 -Wall -Wextra -Wformat -Wvla -Wformat-security -Wno-unused-parameter -Wno-implicit-fallthrough   -DHAVE_BUILD_INFO -D__STDC_FORMAT_MACROS conftest.cpp >&5
configure:24855: $? = 0
configure:24855: result: yes
configure:24868: checking whether be64toh is declared
configure:24868: g++ -std=c++11 -c -g -O2 -Wall -Wextra -Wformat -Wvla -Wformat-security -Wno-unused-parameter -Wno-implicit-fallthrough   -DHAVE_BUILD_INFO -D__STDC_FORMAT_MACROS conftest.cpp >&5
configure:24868: $? = 0
configure:24868: result: yes
configure:24881: checking whether htobe16 is declared
configure:24881: g++ -std=c++11 -c -g -O2 -Wall -Wextra -Wformat -Wvla -Wformat-security -Wno-unused-parameter -Wno-implicit-fallthrough   -DHAVE_BUILD_INFO -D__STDC_FORMAT_MACROS conftest.cpp >&5
configure:24881: $? = 0
configure:24881: result: yes
configure:24894: checking whether htobe32 is declared
configure:24894: g++ -std=c++11 -c -g -O2 -Wall -Wextra -Wformat -Wvla -Wformat-security -Wno-unused-parameter -Wno-implicit-fallthrough   -DHAVE_BUILD_INFO -D__STDC_FORMAT_MACROS conftest.cpp >&5
configure:24894: $? = 0
configure:24894: result: yes
configure:24907: checking whether htobe64 is declared
configure:24907: g++ -std=c++11 -c -g -O2 -Wall -Wextra -Wformat -Wvla -Wformat-security -Wno-unused-parameter -Wno-implicit-fallthrough   -DHAVE_BUILD_INFO -D__STDC_FORMAT_MACROS conftest.cpp >&5
configure:24907: $? = 0
configure:24907: result: yes
configure:24922: checking whether bswap_16 is declared
configure:24922: g++ -std=c++11 -c -g -O2 -Wall -Wextra -Wformat -Wvla -Wformat-security -Wno-unused-parameter -Wno-implicit-fallthrough   -DHAVE_BUILD_INFO -D__STDC_FORMAT_MACROS conftest.cpp >&5
configure:24922: $? = 0
configure:24922: result: yes
configure:24933: checking whether bswap_32 is declared
configure:24933: g++ -std=c++11 -c -g -O2 -Wall -Wextra -Wformat -Wvla -Wformat-security -Wno-unused-parameter -Wno-implicit-fallthrough   -DHAVE_BUILD_INFO -D__STDC_FORMAT_MACROS conftest.cpp >&5
configure:24933: $? = 0
configure:24933: result: yes
configure:24944: checking whether bswap_64 is declared
configure:24944: g++ -std=c++11 -c -g -O2 -Wall -Wextra -Wformat -Wvla -Wformat-security -Wno-unused-parameter -Wno-implicit-fallthrough   -DHAVE_BUILD_INFO -D__STDC_FORMAT_MACROS conftest.cpp >&5
configure:24944: $? = 0
configure:24944: result: yes
configure:24957: checking whether __builtin_clz is declared
configure:24957: g++ -std=c++11 -c -g -O2 -Wall -Wextra -Wformat -Wvla -Wformat-security -Wno-unused-parameter -Wno-implicit-fallthrough   -DHAVE_BUILD_INFO -D__STDC_FORMAT_MACROS conftest.cpp >&5
configure:24957: $? = 0
configure:24957: result: yes
configure:24965: checking whether __builtin_clzl is declared
configure:24965: g++ -std=c++11 -c -g -O2 -Wall -Wextra -Wformat -Wvla -Wformat-security -Wno-unused-parameter -Wno-implicit-fallthrough   -DHAVE_BUILD_INFO -D__STDC_FORMAT_MACROS conftest.cpp >&5
configure:24965: $? = 0
configure:24965: result: yes
configure:24973: checking whether __builtin_clzll is declared
configure:24973: g++ -std=c++11 -c -g -O2 -Wall -Wextra -Wformat -Wvla -Wformat-security -Wno-unused-parameter -Wno-implicit-fallthrough   -DHAVE_BUILD_INFO -D__STDC_FORMAT_MACROS conftest.cpp >&5
configure:24973: $? = 0
configure:24973: result: yes
configure:24983: checking for MSG_NOSIGNAL
configure:24996: g++ -std=c++11 -c -g -O2 -Wall -Wextra -Wformat -Wvla -Wformat-security -Wno-unused-parameter -Wno-implicit-fallthrough  -DHAVE_BUILD_INFO -D__STDC_FORMAT_MACROS conftest.cpp >&5
conftest.cpp: In function 'int main()':
conftest.cpp:63:6: warning: unused variable 'f' [-Wunused-variable]
   63 |  int f = MSG_NOSIGNAL;
      |      ^
configure:24996: $? = 0
configure:24998: result: yes
configure:25009: checking for MSG_DONTWAIT
configure:25022: g++ -std=c++11 -c -g -O2 -Wall -Wextra -Wformat -Wvla -Wformat-security -Wno-unused-parameter -Wno-implicit-fallthrough  -DHAVE_BUILD_INFO -D__STDC_FORMAT_MACROS conftest.cpp >&5
conftest.cpp: In function 'int main()':
conftest.cpp:64:6: warning: unused variable 'f' [-Wunused-variable]
   64 |  int f = MSG_DONTWAIT;
      |      ^
configure:25022: $? = 0
configure:25024: result: yes
configure:25035: checking for getmemoryinfo
configure:25048: g++ -std=c++11 -c -g -O2 -Wall -Wextra -Wformat -Wvla -Wformat-security -Wno-unused-parameter -Wno-implicit-fallthrough  -DHAVE_BUILD_INFO -D__STDC_FORMAT_MACROS conftest.cpp >&5
conftest.cpp: In function 'int main()':
conftest.cpp:65:6: warning: unused variable 'f' [-Wunused-variable]
   65 |  int f = malloc_info(0, NULL);
      |      ^
configure:25048: $? = 0
configure:25050: result: yes
configure:25061: checking for mallopt M_ARENA_MAX
configure:25074: g++ -std=c++11 -c -g -O2 -Wall -Wextra -Wformat -Wvla -Wformat-security -Wno-unused-parameter -Wno-implicit-fallthrough  -DHAVE_BUILD_INFO -D__STDC_FORMAT_MACROS conftest.cpp >&5
configure:25074: $? = 0
configure:25076: result: yes
configure:25087: checking for visibility attribute
configure:25096: g++ -std=c++11 -o conftest -g -O2 -Wall -Wextra -Wformat -Wvla -Wformat-security -Wno-unused-parameter -Wno-implicit-fallthrough  -DHAVE_BUILD_INFO -D__STDC_FORMAT_MACROS  conftest.cpp  >&5
configure:25096: $? = 0
configure:25102: result: yes
configure:25120: checking for thread_local support
configure:25134: g++ -std=c++11 -o conftest -g -O2 -Wall -Wextra -Wformat -Wvla -Wformat-security -Wno-unused-parameter -Wno-implicit-fallthrough  -DHAVE_BUILD_INFO -D__STDC_FORMAT_MACROS  -pthread conftest.cpp  >&5
configure:25134: $? = 0
configure:25140: result: yes
configure:25155: checking for Linux getrandom syscall
configure:25170: g++ -std=c++11 -c -g -O2 -Wall -Wextra -Wformat -Wvla -Wformat-security -Wno-unused-parameter -Wno-implicit-fallthrough  -DHAVE_BUILD_INFO -D__STDC_FORMAT_MACROS conftest.cpp >&5
configure:25170: $? = 0
configure:25172: result: yes
configure:25183: checking for getentropy
configure:25196: g++ -std=c++11 -c -g -O2 -Wall -Wextra -Wformat -Wvla -Wformat-security -Wno-unused-parameter -Wno-implicit-fallthrough  -DHAVE_BUILD_INFO -D__STDC_FORMAT_MACROS conftest.cpp >&5
conftest.cpp: In function 'int main()':
conftest.cpp:70:12: warning: ignoring return value of 'int getentropy(void*, size_t)' declared with attribute 'warn_unused_result' [-Wunused-result]
   70 |  getentropy(nullptr, 32)
      |  ~~~~~~~~~~^~~~~~~~~~~~~
conftest.cpp:70:12: warning: argument 1 is null but the corresponding size argument 2 value is 32 [-Wnonnull]
   70 |  getentropy(nullptr, 32)
      |  ~~~~~~~~~~^~~~~~~~~~~~~
In file included from conftest.cpp:66:
/usr/include/unistd.h:1201:5: note: in a call to function 'int getentropy(void*, size_t)' declared with attribute 'access (write_only, 1, 2)'
 1201 | int getentropy (void *__buffer, size_t __length) __wur
      |     ^~~~~~~~~~
configure:25196: $? = 0
configure:25198: result: yes
configure:25209: checking for getentropy via random.h
configure:25223: g++ -std=c++11 -c -g -O2 -Wall -Wextra -Wformat -Wvla -Wformat-security -Wno-unused-parameter -Wno-implicit-fallthrough  -DHAVE_BUILD_INFO -D__STDC_FORMAT_MACROS conftest.cpp >&5
conftest.cpp: In function 'int main()':
conftest.cpp:72:12: warning: ignoring return value of 'int getentropy(void*, size_t)' declared with attribute 'warn_unused_result' [-Wunused-result]
   72 |  getentropy(nullptr, 32)
      |  ~~~~~~~~~~^~~~~~~~~~~~~
conftest.cpp:72:12: warning: argument 1 is null but the corresponding size argument 2 value is 32 [-Wnonnull]
   72 |  getentropy(nullptr, 32)
      |  ~~~~~~~~~~^~~~~~~~~~~~~
In file included from conftest.cpp:68:
/usr/include/x86_64-linux-gnu/sys/random.h:40:5: note: in a call to function 'int getentropy(void*, size_t)' declared with attribute 'access (write_only, 1, 2)'
   40 | int getentropy (void *__buffer, size_t __length) __wur
      |     ^~~~~~~~~~
configure:25223: $? = 0
configure:25225: result: yes
configure:25236: checking for sysctl KERN_ARND
configure:25251: g++ -std=c++11 -c -g -O2 -Wall -Wextra -Wformat -Wvla -Wformat-security -Wno-unused-parameter -Wno-implicit-fallthrough  -DHAVE_BUILD_INFO -D__STDC_FORMAT_MACROS conftest.cpp >&5
conftest.cpp:69:12: fatal error: sys/sysctl.h: No such file or directory
   69 |   #include <sys/sysctl.h>
      |            ^~~~~~~~~~~~~~
compilation terminated.
configure:25251: $? = 1
configure: failed program was:
| /* confdefs.h */
| #define PACKAGE_NAME "Notebc Core"
| #define PACKAGE_TARNAME "notebc"
| #define PACKAGE_VERSION "1.1.0"
| #define PACKAGE_STRING "Notebc Core 1.1.0"
| #define PACKAGE_BUGREPORT "https://www.notebc.com/"
| #define PACKAGE_URL "https://www.notebc.com/"
| #define HAVE_CXX11 1
| #define HAVE_STDIO_H 1
| #define HAVE_STDLIB_H 1
| #define HAVE_STRING_H 1
| #define HAVE_INTTYPES_H 1
| #define HAVE_STDINT_H 1
| #define HAVE_STRINGS_H 1
| #define HAVE_SYS_STAT_H 1
| #define HAVE_SYS_TYPES_H 1
| #define HAVE_UNISTD_H 1
| #define STDC_HEADERS 1
| #define HAVE_DLFCN_H 1
| #define LT_OBJDIR ".libs/"
| #define USE_ASM 1
| #define HAVE_PTHREAD_PRIO_INHERIT 1
| #define HAVE_PTHREAD 1
| #define HAVE_DECL_STRERROR_R 1
| #define HAVE_STRERROR_R 1
| #define STRERROR_R_CHAR_P 1
| #define HAVE_FUNC_ATTRIBUTE_VISIBILITY 1
| #define HAVE_ENDIAN_H 1
| #define HAVE_BYTESWAP_H 1
| #define HAVE_STDIO_H 1
| #define HAVE_STDLIB_H 1
| #define HAVE_UNISTD_H 1
| #define HAVE_STRINGS_H 1
| #define HAVE_SYS_TYPES_H 1
| #define HAVE_SYS_STAT_H 1
| #define HAVE_SYS_SELECT_H 1
| #define HAVE_SYS_PRCTL_H 1
| #define HAVE_DECL_STRNLEN 1
| #define HAVE_DECL_DAEMON 1
| #define HAVE_DECL_LE16TOH 1
| #define HAVE_DECL_LE32TOH 1
| #define HAVE_DECL_LE64TOH 1
| #define HAVE_DECL_HTOLE16 1
| #define HAVE_DECL_HTOLE32 1
| #define HAVE_DECL_HTOLE64 1
| #define HAVE_DECL_BE16TOH 1
| #define HAVE_DECL_BE32TOH 1
| #define HAVE_DECL_BE64TOH 1
| #define HAVE_DECL_HTOBE16 1
| #define HAVE_DECL_HTOBE32 1
| #define HAVE_DECL_HTOBE64 1
| #define HAVE_DECL_BSWAP_16 1
| #define HAVE_DECL_BSWAP_32 1
| #define HAVE_DECL_BSWAP_64 1
| #define HAVE_DECL___BUILTIN_CLZ 1
| #define HAVE_DECL___BUILTIN_CLZL 1
| #define HAVE_DECL___BUILTIN_CLZLL 1
| #define HAVE_MSG_NOSIGNAL 1
| #define HAVE_MSG_DONTWAIT 1
| #define HAVE_MALLOC_INFO 1
| #define HAVE_MALLOPT_ARENA_MAX 1
| #define HAVE_VISIBILITY_ATTRIBUTE 1
| #define HAVE_THREAD_LOCAL 1
| #define HAVE_SYS_GETRANDOM 1
| #define HAVE_GETENTROPY 1
| #define HAVE_GETENTROPY_RAND 1
| /* end confdefs.h.  */
| #include <sys/types.h>
|   #include <sys/sysctl.h>
| int
| main (void)
| {
|  static const int name[2] = {CTL_KERN, KERN_ARND};
|     sysctl(name, 2, nullptr, nullptr, nullptr, 0);
|   ;
|   return 0;
| }
configure:25258: result: no
configure:25327: checking for Berkeley DB C++ headers
configure:25357: g++ -std=c++11 -c -g -O2 -Wall -Wextra -Wformat -Wvla -Wformat-security -Wno-unused-parameter -Wno-implicit-fallthrough  -DHAVE_BUILD_INFO -D__STDC_FORMAT_MACROS conftest.cpp >&5
conftest.cpp:69:18: fatal error: bdb4.8/db_cxx.h: No such file or directory
   69 |         #include <bdb4.8/db_cxx.h>
      |                  ^~~~~~~~~~~~~~~~~
compilation terminated.
configure:25357: $? = 1
configure: failed program was:
| /* confdefs.h */
| #define PACKAGE_NAME "Notebc Core"
| #define PACKAGE_TARNAME "notebc"
| #define PACKAGE_VERSION "1.1.0"
| #define PACKAGE_STRING "Notebc Core 1.1.0"
| #define PACKAGE_BUGREPORT "https://www.notebc.com/"
| #define PACKAGE_URL "https://www.notebc.com/"
| #define HAVE_CXX11 1
| #define HAVE_STDIO_H 1
| #define HAVE_STDLIB_H 1
| #define HAVE_STRING_H 1
| #define HAVE_INTTYPES_H 1
| #define HAVE_STDINT_H 1
| #define HAVE_STRINGS_H 1
| #define HAVE_SYS_STAT_H 1
| #define HAVE_SYS_TYPES_H 1
| #define HAVE_UNISTD_H 1
| #define STDC_HEADERS 1
| #define HAVE_DLFCN_H 1
| #define LT_OBJDIR ".libs/"
| #define USE_ASM 1
| #define HAVE_PTHREAD_PRIO_INHERIT 1
| #define HAVE_PTHREAD 1
| #define HAVE_DECL_STRERROR_R 1
| #define HAVE_STRERROR_R 1
| #define STRERROR_R_CHAR_P 1
| #define HAVE_FUNC_ATTRIBUTE_VISIBILITY 1
| #define HAVE_ENDIAN_H 1
| #define HAVE_BYTESWAP_H 1
| #define HAVE_STDIO_H 1
| #define HAVE_STDLIB_H 1
| #define HAVE_UNISTD_H 1
| #define HAVE_STRINGS_H 1
| #define HAVE_SYS_TYPES_H 1
| #define HAVE_SYS_STAT_H 1
| #define HAVE_SYS_SELECT_H 1
| #define HAVE_SYS_PRCTL_H 1
| #define HAVE_DECL_STRNLEN 1
| #define HAVE_DECL_DAEMON 1
| #define HAVE_DECL_LE16TOH 1
| #define HAVE_DECL_LE32TOH 1
| #define HAVE_DECL_LE64TOH 1
| #define HAVE_DECL_HTOLE16 1
| #define HAVE_DECL_HTOLE32 1
| #define HAVE_DECL_HTOLE64 1
| #define HAVE_DECL_BE16TOH 1
| #define HAVE_DECL_BE32TOH 1
| #define HAVE_DECL_BE64TOH 1
| #define HAVE_DECL_HTOBE16 1
| #define HAVE_DECL_HTOBE32 1
| #define HAVE_DECL_HTOBE64 1
| #define HAVE_DECL_BSWAP_16 1
| #define HAVE_DECL_BSWAP_32 1
| #define HAVE_DECL_BSWAP_64 1
| #define HAVE_DECL___BUILTIN_CLZ 1
| #define HAVE_DECL___BUILTIN_CLZL 1
| #define HAVE_DECL___BUILTIN_CLZLL 1
| #define HAVE_MSG_NOSIGNAL 1
| #define HAVE_MSG_DONTWAIT 1
| #define HAVE_MALLOC_INFO 1
| #define HAVE_MALLOPT_ARENA_MAX 1
| #define HAVE_VISIBILITY_ATTRIBUTE 1
| #define HAVE_THREAD_LOCAL 1
| #define HAVE_SYS_GETRANDOM 1
| #define HAVE_GETENTROPY 1
| #define HAVE_GETENTROPY_RAND 1
| /* end confdefs.h.  */
| 
|         #include <bdb4.8/db_cxx.h>
| 
| int
| main (void)
| {
| 
|         #if !((DB_VERSION_MAJOR == 4 && DB_VERSION_MINOR >= 8) || DB_VERSION_MAJOR > 4)
|           #error "failed to find bdb 4.8+"
|         #endif
| 
|   ;
|   return 0;
| }
configure:25357: g++ -std=c++11 -c -g -O2 -Wall -Wextra -Wformat -Wvla -Wformat-security -Wno-unused-parameter -Wno-implicit-fallthrough  -DHAVE_BUILD_INFO -D__STDC_FORMAT_MACROS conftest.cpp >&5
conftest.cpp:69:18: fatal error: libdb4.8/db_cxx.h: No such file or directory
   69 |         #include <libdb4.8/db_cxx.h>
      |                  ^~~~~~~~~~~~~~~~~~~
compilation terminated.
configure:25357: $? = 1
configure: failed program was:
| /* confdefs.h */
| #define PACKAGE_NAME "Notebc Core"
| #define PACKAGE_TARNAME "notebc"
| #define PACKAGE_VERSION "1.1.0"
| #define PACKAGE_STRING "Notebc Core 1.1.0"
| #define PACKAGE_BUGREPORT "https://www.notebc.com/"
| #define PACKAGE_URL "https://www.notebc.com/"
| #define HAVE_CXX11 1
| #define HAVE_STDIO_H 1
| #define HAVE_STDLIB_H 1
| #define HAVE_STRING_H 1
| #define HAVE_INTTYPES_H 1
| #define HAVE_STDINT_H 1
| #define HAVE_STRINGS_H 1
| #define HAVE_SYS_STAT_H 1
| #define HAVE_SYS_TYPES_H 1
| #define HAVE_UNISTD_H 1
| #define STDC_HEADERS 1
| #define HAVE_DLFCN_H 1
| #define LT_OBJDIR ".libs/"
| #define USE_ASM 1
| #define HAVE_PTHREAD_PRIO_INHERIT 1
| #define HAVE_PTHREAD 1
| #define HAVE_DECL_STRERROR_R 1
| #define HAVE_STRERROR_R 1
| #define STRERROR_R_CHAR_P 1
| #define HAVE_FUNC_ATTRIBUTE_VISIBILITY 1
| #define HAVE_ENDIAN_H 1
| #define HAVE_BYTESWAP_H 1
| #define HAVE_STDIO_H 1
| #define HAVE_STDLIB_H 1
| #define HAVE_UNISTD_H 1
| #define HAVE_STRINGS_H 1
| #define HAVE_SYS_TYPES_H 1
| #define HAVE_SYS_STAT_H 1
| #define HAVE_SYS_SELECT_H 1
| #define HAVE_SYS_PRCTL_H 1
| #define HAVE_DECL_STRNLEN 1
| #define HAVE_DECL_DAEMON 1
| #define HAVE_DECL_LE16TOH 1
| #define HAVE_DECL_LE32TOH 1
| #define HAVE_DECL_LE64TOH 1
| #define HAVE_DECL_HTOLE16 1
| #define HAVE_DECL_HTOLE32 1
| #define HAVE_DECL_HTOLE64 1
| #define HAVE_DECL_BE16TOH 1
| #define HAVE_DECL_BE32TOH 1
| #define HAVE_DECL_BE64TOH 1
| #define HAVE_DECL_HTOBE16 1
| #define HAVE_DECL_HTOBE32 1
| #define HAVE_DECL_HTOBE64 1
| #define HAVE_DECL_BSWAP_16 1
| #define HAVE_DECL_BSWAP_32 1
| #define HAVE_DECL_BSWAP_64 1
| #define HAVE_DECL___BUILTIN_CLZ 1
| #define HAVE_DECL___BUILTIN_CLZL 1
| #define HAVE_DECL___BUILTIN_CLZLL 1
| #define HAVE_MSG_NOSIGNAL 1
| #define HAVE_MSG_DONTWAIT 1
| #define HAVE_MALLOC_INFO 1
| #define HAVE_MALLOPT_ARENA_MAX 1
| #define HAVE_VISIBILITY_ATTRIBUTE 1
| #define HAVE_THREAD_LOCAL 1
| #define HAVE_SYS_GETRANDOM 1
| #define HAVE_GETENTROPY 1
| #define HAVE_GETENTROPY_RAND 1
| /* end confdefs.h.  */
| 
|         #include <libdb4.8/db_cxx.h>
| 
| int
| main (void)
| {
| 
|         #if !((DB_VERSION_MAJOR == 4 && DB_VERSION_MINOR >= 8) || DB_VERSION_MAJOR > 4)
|           #error "failed to find bdb 4.8+"
|         #endif
| 
|   ;
|   return 0;
| }
configure:25357: g++ -std=c++11 -c -g -O2 -Wall -Wextra -Wformat -Wvla -Wformat-security -Wno-unused-parameter -Wno-implicit-fallthrough  -DHAVE_BUILD_INFO -D__STDC_FORMAT_MACROS conftest.cpp >&5
conftest.cpp:69:18: fatal error: db4.8/db_cxx.h: No such file or directory
   69 |         #include <db4.8/db_cxx.h>
      |                  ^~~~~~~~~~~~~~~~
compilation terminated.
configure:25357: $? = 1
configure: failed program was:
| /* confdefs.h */
| #define PACKAGE_NAME "Notebc Core"
| #define PACKAGE_TARNAME "notebc"
| #define PACKAGE_VERSION "1.1.0"
| #define PACKAGE_STRING "Notebc Core 1.1.0"
| #define PACKAGE_BUGREPORT "https://www.notebc.com/"
| #define PACKAGE_URL "https://www.notebc.com/"
| #define HAVE_CXX11 1
| #define HAVE_STDIO_H 1
| #define HAVE_STDLIB_H 1
| #define HAVE_STRING_H 1
| #define HAVE_INTTYPES_H 1
| #define HAVE_STDINT_H 1
| #define HAVE_STRINGS_H 1
| #define HAVE_SYS_STAT_H 1
| #define HAVE_SYS_TYPES_H 1
| #define HAVE_UNISTD_H 1
| #define STDC_HEADERS 1
| #define HAVE_DLFCN_H 1
| #define LT_OBJDIR ".libs/"
| #define USE_ASM 1
| #define HAVE_PTHREAD_PRIO_INHERIT 1
| #define HAVE_PTHREAD 1
| #define HAVE_DECL_STRERROR_R 1
| #define HAVE_STRERROR_R 1
| #define STRERROR_R_CHAR_P 1
| #define HAVE_FUNC_ATTRIBUTE_VISIBILITY 1
| #define HAVE_ENDIAN_H 1
| #define HAVE_BYTESWAP_H 1
| #define HAVE_STDIO_H 1
| #define HAVE_STDLIB_H 1
| #define HAVE_UNISTD_H 1
| #define HAVE_STRINGS_H 1
| #define HAVE_SYS_TYPES_H 1
| #define HAVE_SYS_STAT_H 1
| #define HAVE_SYS_SELECT_H 1
| #define HAVE_SYS_PRCTL_H 1
| #define HAVE_DECL_STRNLEN 1
| #define HAVE_DECL_DAEMON 1
| #define HAVE_DECL_LE16TOH 1
| #define HAVE_DECL_LE32TOH 1
| #define HAVE_DECL_LE64TOH 1
| #define HAVE_DECL_HTOLE16 1
| #define HAVE_DECL_HTOLE32 1
| #define HAVE_DECL_HTOLE64 1
| #define HAVE_DECL_BE16TOH 1
| #define HAVE_DECL_BE32TOH 1
| #define HAVE_DECL_BE64TOH 1
| #define HAVE_DECL_HTOBE16 1
| #define HAVE_DECL_HTOBE32 1
| #define HAVE_DECL_HTOBE64 1
| #define HAVE_DECL_BSWAP_16 1
| #define HAVE_DECL_BSWAP_32 1
| #define HAVE_DECL_BSWAP_64 1
| #define HAVE_DECL___BUILTIN_CLZ 1
| #define HAVE_DECL___BUILTIN_CLZL 1
| #define HAVE_DECL___BUILTIN_CLZLL 1
| #define HAVE_MSG_NOSIGNAL 1
| #define HAVE_MSG_DONTWAIT 1
| #define HAVE_MALLOC_INFO 1
| #define HAVE_MALLOPT_ARENA_MAX 1
| #define HAVE_VISIBILITY_ATTRIBUTE 1
| #define HAVE_THREAD_LOCAL 1
| #define HAVE_SYS_GETRANDOM 1
| #define HAVE_GETENTROPY 1
| #define HAVE_GETENTROPY_RAND 1
| /* end confdefs.h.  */
| 
|         #include <db4.8/db_cxx.h>
| 
| int
| main (void)
| {
| 
|         #if !((DB_VERSION_MAJOR == 4 && DB_VERSION_MINOR >= 8) || DB_VERSION_MAJOR > 4)
|           #error "failed to find bdb 4.8+"
|         #endif
| 
|   ;
|   return 0;
| }
configure:25357: g++ -std=c++11 -c -g -O2 -Wall -Wextra -Wformat -Wvla -Wformat-security -Wno-unused-parameter -Wno-implicit-fallthrough  -DHAVE_BUILD_INFO -D__STDC_FORMAT_MACROS conftest.cpp >&5
conftest.cpp:69:18: fatal error: bdb48/db_cxx.h: No such file or directory
   69 |         #include <bdb48/db_cxx.h>
      |                  ^~~~~~~~~~~~~~~~
compilation terminated.
configure:25357: $? = 1
configure: failed program was:
| /* confdefs.h */
| #define PACKAGE_NAME "Notebc Core"
| #define PACKAGE_TARNAME "notebc"
| #define PACKAGE_VERSION "1.1.0"
| #define PACKAGE_STRING "Notebc Core 1.1.0"
| #define PACKAGE_BUGREPORT "https://www.notebc.com/"
| #define PACKAGE_URL "https://www.notebc.com/"
| #define HAVE_CXX11 1
| #define HAVE_STDIO_H 1
| #define HAVE_STDLIB_H 1
| #define HAVE_STRING_H 1
| #define HAVE_INTTYPES_H 1
| #define HAVE_STDINT_H 1
| #define HAVE_STRINGS_H 1
| #define HAVE_SYS_STAT_H 1
| #define HAVE_SYS_TYPES_H 1
| #define HAVE_UNISTD_H 1
| #define STDC_HEADERS 1
| #define HAVE_DLFCN_H 1
| #define LT_OBJDIR ".libs/"
| #define USE_ASM 1
| #define HAVE_PTHREAD_PRIO_INHERIT 1
| #define HAVE_PTHREAD 1
| #define HAVE_DECL_STRERROR_R 1
| #define HAVE_STRERROR_R 1
| #define STRERROR_R_CHAR_P 1
| #define HAVE_FUNC_ATTRIBUTE_VISIBILITY 1
| #define HAVE_ENDIAN_H 1
| #define HAVE_BYTESWAP_H 1
| #define HAVE_STDIO_H 1
| #define HAVE_STDLIB_H 1
| #define HAVE_UNISTD_H 1
| #define HAVE_STRINGS_H 1
| #define HAVE_SYS_TYPES_H 1
| #define HAVE_SYS_STAT_H 1
| #define HAVE_SYS_SELECT_H 1
| #define HAVE_SYS_PRCTL_H 1
| #define HAVE_DECL_STRNLEN 1
| #define HAVE_DECL_DAEMON 1
| #define HAVE_DECL_LE16TOH 1
| #define HAVE_DECL_LE32TOH 1
| #define HAVE_DECL_LE64TOH 1
| #define HAVE_DECL_HTOLE16 1
| #define HAVE_DECL_HTOLE32 1
| #define HAVE_DECL_HTOLE64 1
| #define HAVE_DECL_BE16TOH 1
| #define HAVE_DECL_BE32TOH 1
| #define HAVE_DECL_BE64TOH 1
| #define HAVE_DECL_HTOBE16 1
| #define HAVE_DECL_HTOBE32 1
| #define HAVE_DECL_HTOBE64 1
| #define HAVE_DECL_BSWAP_16 1
| #define HAVE_DECL_BSWAP_32 1
| #define HAVE_DECL_BSWAP_64 1
| #define HAVE_DECL___BUILTIN_CLZ 1
| #define HAVE_DECL___BUILTIN_CLZL 1
| #define HAVE_DECL___BUILTIN_CLZLL 1
| #define HAVE_MSG_NOSIGNAL 1
| #define HAVE_MSG_DONTWAIT 1
| #define HAVE_MALLOC_INFO 1
| #define HAVE_MALLOPT_ARENA_MAX 1
| #define HAVE_VISIBILITY_ATTRIBUTE 1
| #define HAVE_THREAD_LOCAL 1
| #define HAVE_SYS_GETRANDOM 1
| #define HAVE_GETENTROPY 1
| #define HAVE_GETENTROPY_RAND 1
| /* end confdefs.h.  */
| 
|         #include <bdb48/db_cxx.h>
| 
| int
| main (void)
| {
| 
|         #if !((DB_VERSION_MAJOR == 4 && DB_VERSION_MINOR >= 8) || DB_VERSION_MAJOR > 4)
|           #error "failed to find bdb 4.8+"
|         #endif
| 
|   ;
|   return 0;
| }
configure:25357: g++ -std=c++11 -c -g -O2 -Wall -Wextra -Wformat -Wvla -Wformat-security -Wno-unused-parameter -Wno-implicit-fallthrough  -DHAVE_BUILD_INFO -D__STDC_FORMAT_MACROS conftest.cpp >&5
conftest.cpp:69:18: fatal error: libdb48/db_cxx.h: No such file or directory
   69 |         #include <libdb48/db_cxx.h>
      |                  ^~~~~~~~~~~~~~~~~~
compilation terminated.
configure:25357: $? = 1
configure: failed program was:
| /* confdefs.h */
| #define PACKAGE_NAME "Notebc Core"
| #define PACKAGE_TARNAME "notebc"
| #define PACKAGE_VERSION "1.1.0"
| #define PACKAGE_STRING "Notebc Core 1.1.0"
| #define PACKAGE_BUGREPORT "https://www.notebc.com/"
| #define PACKAGE_URL "https://www.notebc.com/"
| #define HAVE_CXX11 1
| #define HAVE_STDIO_H 1
| #define HAVE_STDLIB_H 1
| #define HAVE_STRING_H 1
| #define HAVE_INTTYPES_H 1
| #define HAVE_STDINT_H 1
| #define HAVE_STRINGS_H 1
| #define HAVE_SYS_STAT_H 1
| #define HAVE_SYS_TYPES_H 1
| #define HAVE_UNISTD_H 1
| #define STDC_HEADERS 1
| #define HAVE_DLFCN_H 1
| #define LT_OBJDIR ".libs/"
| #define USE_ASM 1
| #define HAVE_PTHREAD_PRIO_INHERIT 1
| #define HAVE_PTHREAD 1
| #define HAVE_DECL_STRERROR_R 1
| #define HAVE_STRERROR_R 1
| #define STRERROR_R_CHAR_P 1
| #define HAVE_FUNC_ATTRIBUTE_VISIBILITY 1
| #define HAVE_ENDIAN_H 1
| #define HAVE_BYTESWAP_H 1
| #define HAVE_STDIO_H 1
| #define HAVE_STDLIB_H 1
| #define HAVE_UNISTD_H 1
| #define HAVE_STRINGS_H 1
| #define HAVE_SYS_TYPES_H 1
| #define HAVE_SYS_STAT_H 1
| #define HAVE_SYS_SELECT_H 1
| #define HAVE_SYS_PRCTL_H 1
| #define HAVE_DECL_STRNLEN 1
| #define HAVE_DECL_DAEMON 1
| #define HAVE_DECL_LE16TOH 1
| #define HAVE_DECL_LE32TOH 1
| #define HAVE_DECL_LE64TOH 1
| #define HAVE_DECL_HTOLE16 1
| #define HAVE_DECL_HTOLE32 1
| #define HAVE_DECL_HTOLE64 1
| #define HAVE_DECL_BE16TOH 1
| #define HAVE_DECL_BE32TOH 1
| #define HAVE_DECL_BE64TOH 1
| #define HAVE_DECL_HTOBE16 1
| #define HAVE_DECL_HTOBE32 1
| #define HAVE_DECL_HTOBE64 1
| #define HAVE_DECL_BSWAP_16 1
| #define HAVE_DECL_BSWAP_32 1
| #define HAVE_DECL_BSWAP_64 1
| #define HAVE_DECL___BUILTIN_CLZ 1
| #define HAVE_DECL___BUILTIN_CLZL 1
| #define HAVE_DECL___BUILTIN_CLZLL 1
| #define HAVE_MSG_NOSIGNAL 1
| #define HAVE_MSG_DONTWAIT 1
| #define HAVE_MALLOC_INFO 1
| #define HAVE_MALLOPT_ARENA_MAX 1
| #define HAVE_VISIBILITY_ATTRIBUTE 1
| #define HAVE_THREAD_LOCAL 1
| #define HAVE_SYS_GETRANDOM 1
| #define HAVE_GETENTROPY 1
| #define HAVE_GETENTROPY_RAND 1
| /* end confdefs.h.  */
| 
|         #include <libdb48/db_cxx.h>
| 
| int
| main (void)
| {
| 
|         #if !((DB_VERSION_MAJOR == 4 && DB_VERSION_MINOR >= 8) || DB_VERSION_MAJOR > 4)
|           #error "failed to find bdb 4.8+"
|         #endif
| 
|   ;
|   return 0;
| }
configure:25357: g++ -std=c++11 -c -g -O2 -Wall -Wextra -Wformat -Wvla -Wformat-security -Wno-unused-parameter -Wno-implicit-fallthrough  -DHAVE_BUILD_INFO -D__STDC_FORMAT_MACROS conftest.cpp >&5
conftest.cpp:69:18: fatal error: db48/db_cxx.h: No such file or directory
   69 |         #include <db48/db_cxx.h>
      |                  ^~~~~~~~~~~~~~~
compilation terminated.
configure:25357: $? = 1
configure: failed program was:
| /* confdefs.h */
| #define PACKAGE_NAME "Notebc Core"
| #define PACKAGE_TARNAME "notebc"
| #define PACKAGE_VERSION "1.1.0"
| #define PACKAGE_STRING "Notebc Core 1.1.0"
| #define PACKAGE_BUGREPORT "https://www.notebc.com/"
| #define PACKAGE_URL "https://www.notebc.com/"
| #define HAVE_CXX11 1
| #define HAVE_STDIO_H 1
| #define HAVE_STDLIB_H 1
| #define HAVE_STRING_H 1
| #define HAVE_INTTYPES_H 1
| #define HAVE_STDINT_H 1
| #define HAVE_STRINGS_H 1
| #define HAVE_SYS_STAT_H 1
| #define HAVE_SYS_TYPES_H 1
| #define HAVE_UNISTD_H 1
| #define STDC_HEADERS 1
| #define HAVE_DLFCN_H 1
| #define LT_OBJDIR ".libs/"
| #define USE_ASM 1
| #define HAVE_PTHREAD_PRIO_INHERIT 1
| #define HAVE_PTHREAD 1
| #define HAVE_DECL_STRERROR_R 1
| #define HAVE_STRERROR_R 1
| #define STRERROR_R_CHAR_P 1
| #define HAVE_FUNC_ATTRIBUTE_VISIBILITY 1
| #define HAVE_ENDIAN_H 1
| #define HAVE_BYTESWAP_H 1
| #define HAVE_STDIO_H 1
| #define HAVE_STDLIB_H 1
| #define HAVE_UNISTD_H 1
| #define HAVE_STRINGS_H 1
| #define HAVE_SYS_TYPES_H 1
| #define HAVE_SYS_STAT_H 1
| #define HAVE_SYS_SELECT_H 1
| #define HAVE_SYS_PRCTL_H 1
| #define HAVE_DECL_STRNLEN 1
| #define HAVE_DECL_DAEMON 1
| #define HAVE_DECL_LE16TOH 1
| #define HAVE_DECL_LE32TOH 1
| #define HAVE_DECL_LE64TOH 1
| #define HAVE_DECL_HTOLE16 1
| #define HAVE_DECL_HTOLE32 1
| #define HAVE_DECL_HTOLE64 1
| #define HAVE_DECL_BE16TOH 1
| #define HAVE_DECL_BE32TOH 1
| #define HAVE_DECL_BE64TOH 1
| #define HAVE_DECL_HTOBE16 1
| #define HAVE_DECL_HTOBE32 1
| #define HAVE_DECL_HTOBE64 1
| #define HAVE_DECL_BSWAP_16 1
| #define HAVE_DECL_BSWAP_32 1
| #define HAVE_DECL_BSWAP_64 1
| #define HAVE_DECL___BUILTIN_CLZ 1
| #define HAVE_DECL___BUILTIN_CLZL 1
| #define HAVE_DECL___BUILTIN_CLZLL 1
| #define HAVE_MSG_NOSIGNAL 1
| #define HAVE_MSG_DONTWAIT 1
| #define HAVE_MALLOC_INFO 1
| #define HAVE_MALLOPT_ARENA_MAX 1
| #define HAVE_VISIBILITY_ATTRIBUTE 1
| #define HAVE_THREAD_LOCAL 1
| #define HAVE_SYS_GETRANDOM 1
| #define HAVE_GETENTROPY 1
| #define HAVE_GETENTROPY_RAND 1
| /* end confdefs.h.  */
| 
|         #include <db48/db_cxx.h>
| 
| int
| main (void)
| {
| 
|         #if !((DB_VERSION_MAJOR == 4 && DB_VERSION_MINOR >= 8) || DB_VERSION_MAJOR > 4)
|           #error "failed to find bdb 4.8+"
|         #endif
| 
|   ;
|   return 0;
| }
configure:25357: g++ -std=c++11 -c -g -O2 -Wall -Wextra -Wformat -Wvla -Wformat-security -Wno-unused-parameter -Wno-implicit-fallthrough  -DHAVE_BUILD_INFO -D__STDC_FORMAT_MACROS conftest.cpp >&5
conftest.cpp:69:18: fatal error: bdb4/db_cxx.h: No such file or directory
   69 |         #include <bdb4/db_cxx.h>
      |                  ^~~~~~~~~~~~~~~
compilation terminated.
configure:25357: $? = 1
configure: failed program was:
| /* confdefs.h */
| #define PACKAGE_NAME "Notebc Core"
| #define PACKAGE_TARNAME "notebc"
| #define PACKAGE_VERSION "1.1.0"
| #define PACKAGE_STRING "Notebc Core 1.1.0"
| #define PACKAGE_BUGREPORT "https://www.notebc.com/"
| #define PACKAGE_URL "https://www.notebc.com/"
| #define HAVE_CXX11 1
| #define HAVE_STDIO_H 1
| #define HAVE_STDLIB_H 1
| #define HAVE_STRING_H 1
| #define HAVE_INTTYPES_H 1
| #define HAVE_STDINT_H 1
| #define HAVE_STRINGS_H 1
| #define HAVE_SYS_STAT_H 1
| #define HAVE_SYS_TYPES_H 1
| #define HAVE_UNISTD_H 1
| #define STDC_HEADERS 1
| #define HAVE_DLFCN_H 1
| #define LT_OBJDIR ".libs/"
| #define USE_ASM 1
| #define HAVE_PTHREAD_PRIO_INHERIT 1
| #define HAVE_PTHREAD 1
| #define HAVE_DECL_STRERROR_R 1
| #define HAVE_STRERROR_R 1
| #define STRERROR_R_CHAR_P 1
| #define HAVE_FUNC_ATTRIBUTE_VISIBILITY 1
| #define HAVE_ENDIAN_H 1
| #define HAVE_BYTESWAP_H 1
| #define HAVE_STDIO_H 1
| #define HAVE_STDLIB_H 1
| #define HAVE_UNISTD_H 1
| #define HAVE_STRINGS_H 1
| #define HAVE_SYS_TYPES_H 1
| #define HAVE_SYS_STAT_H 1
| #define HAVE_SYS_SELECT_H 1
| #define HAVE_SYS_PRCTL_H 1
| #define HAVE_DECL_STRNLEN 1
| #define HAVE_DECL_DAEMON 1
| #define HAVE_DECL_LE16TOH 1
| #define HAVE_DECL_LE32TOH 1
| #define HAVE_DECL_LE64TOH 1
| #define HAVE_DECL_HTOLE16 1
| #define HAVE_DECL_HTOLE32 1
| #define HAVE_DECL_HTOLE64 1
| #define HAVE_DECL_BE16TOH 1
| #define HAVE_DECL_BE32TOH 1
| #define HAVE_DECL_BE64TOH 1
| #define HAVE_DECL_HTOBE16 1
| #define HAVE_DECL_HTOBE32 1
| #define HAVE_DECL_HTOBE64 1
| #define HAVE_DECL_BSWAP_16 1
| #define HAVE_DECL_BSWAP_32 1
| #define HAVE_DECL_BSWAP_64 1
| #define HAVE_DECL___BUILTIN_CLZ 1
| #define HAVE_DECL___BUILTIN_CLZL 1
| #define HAVE_DECL___BUILTIN_CLZLL 1
| #define HAVE_MSG_NOSIGNAL 1
| #define HAVE_MSG_DONTWAIT 1
| #define HAVE_MALLOC_INFO 1
| #define HAVE_MALLOPT_ARENA_MAX 1
| #define HAVE_VISIBILITY_ATTRIBUTE 1
| #define HAVE_THREAD_LOCAL 1
| #define HAVE_SYS_GETRANDOM 1
| #define HAVE_GETENTROPY 1
| #define HAVE_GETENTROPY_RAND 1
| /* end confdefs.h.  */
| 
|         #include <bdb4/db_cxx.h>
| 
| int
| main (void)
| {
| 
|         #if !((DB_VERSION_MAJOR == 4 && DB_VERSION_MINOR >= 8) || DB_VERSION_MAJOR > 4)
|           #error "failed to find bdb 4.8+"
|         #endif
| 
|   ;
|   return 0;
| }
configure:25357: g++ -std=c++11 -c -g -O2 -Wall -Wextra -Wformat -Wvla -Wformat-security -Wno-unused-parameter -Wno-implicit-fallthrough  -DHAVE_BUILD_INFO -D__STDC_FORMAT_MACROS conftest.cpp >&5
conftest.cpp:69:18: fatal error: libdb4/db_cxx.h: No such file or directory
   69 |         #include <libdb4/db_cxx.h>
      |                  ^~~~~~~~~~~~~~~~~
compilation terminated.
configure:25357: $? = 1
configure: failed program was:
| /* confdefs.h */
| #define PACKAGE_NAME "Notebc Core"
| #define PACKAGE_TARNAME "notebc"
| #define PACKAGE_VERSION "1.1.0"
| #define PACKAGE_STRING "Notebc Core 1.1.0"
| #define PACKAGE_BUGREPORT "https://www.notebc.com/"
| #define PACKAGE_URL "https://www.notebc.com/"
| #define HAVE_CXX11 1
| #define HAVE_STDIO_H 1
| #define HAVE_STDLIB_H 1
| #define HAVE_STRING_H 1
| #define HAVE_INTTYPES_H 1
| #define HAVE_STDINT_H 1
| #define HAVE_STRINGS_H 1
| #define HAVE_SYS_STAT_H 1
| #define HAVE_SYS_TYPES_H 1
| #define HAVE_UNISTD_H 1
| #define STDC_HEADERS 1
| #define HAVE_DLFCN_H 1
| #define LT_OBJDIR ".libs/"
| #define USE_ASM 1
| #define HAVE_PTHREAD_PRIO_INHERIT 1
| #define HAVE_PTHREAD 1
| #define HAVE_DECL_STRERROR_R 1
| #define HAVE_STRERROR_R 1
| #define STRERROR_R_CHAR_P 1
| #define HAVE_FUNC_ATTRIBUTE_VISIBILITY 1
| #define HAVE_ENDIAN_H 1
| #define HAVE_BYTESWAP_H 1
| #define HAVE_STDIO_H 1
| #define HAVE_STDLIB_H 1
| #define HAVE_UNISTD_H 1
| #define HAVE_STRINGS_H 1
| #define HAVE_SYS_TYPES_H 1
| #define HAVE_SYS_STAT_H 1
| #define HAVE_SYS_SELECT_H 1
| #define HAVE_SYS_PRCTL_H 1
| #define HAVE_DECL_STRNLEN 1
| #define HAVE_DECL_DAEMON 1
| #define HAVE_DECL_LE16TOH 1
| #define HAVE_DECL_LE32TOH 1
| #define HAVE_DECL_LE64TOH 1
| #define HAVE_DECL_HTOLE16 1
| #define HAVE_DECL_HTOLE32 1
| #define HAVE_DECL_HTOLE64 1
| #define HAVE_DECL_BE16TOH 1
| #define HAVE_DECL_BE32TOH 1
| #define HAVE_DECL_BE64TOH 1
| #define HAVE_DECL_HTOBE16 1
| #define HAVE_DECL_HTOBE32 1
| #define HAVE_DECL_HTOBE64 1
| #define HAVE_DECL_BSWAP_16 1
| #define HAVE_DECL_BSWAP_32 1
| #define HAVE_DECL_BSWAP_64 1
| #define HAVE_DECL___BUILTIN_CLZ 1
| #define HAVE_DECL___BUILTIN_CLZL 1
| #define HAVE_DECL___BUILTIN_CLZLL 1
| #define HAVE_MSG_NOSIGNAL 1
| #define HAVE_MSG_DONTWAIT 1
| #define HAVE_MALLOC_INFO 1
| #define HAVE_MALLOPT_ARENA_MAX 1
| #define HAVE_VISIBILITY_ATTRIBUTE 1
| #define HAVE_THREAD_LOCAL 1
| #define HAVE_SYS_GETRANDOM 1
| #define HAVE_GETENTROPY 1
| #define HAVE_GETENTROPY_RAND 1
| /* end confdefs.h.  */
| 
|         #include <libdb4/db_cxx.h>
| 
| int
| main (void)
| {
| 
|         #if !((DB_VERSION_MAJOR == 4 && DB_VERSION_MINOR >= 8) || DB_VERSION_MAJOR > 4)
|           #error "failed to find bdb 4.8+"
|         #endif
| 
|   ;
|   return 0;
| }
configure:25357: g++ -std=c++11 -c -g -O2 -Wall -Wextra -Wformat -Wvla -Wformat-security -Wno-unused-parameter -Wno-implicit-fallthrough  -DHAVE_BUILD_INFO -D__STDC_FORMAT_MACROS conftest.cpp >&5
conftest.cpp:69:18: fatal error: db4/db_cxx.h: No such file or directory
   69 |         #include <db4/db_cxx.h>
      |                  ^~~~~~~~~~~~~~
compilation terminated.
configure:25357: $? = 1
configure: failed program was:
| /* confdefs.h */
| #define PACKAGE_NAME "Notebc Core"
| #define PACKAGE_TARNAME "notebc"
| #define PACKAGE_VERSION "1.1.0"
| #define PACKAGE_STRING "Notebc Core 1.1.0"
| #define PACKAGE_BUGREPORT "https://www.notebc.com/"
| #define PACKAGE_URL "https://www.notebc.com/"
| #define HAVE_CXX11 1
| #define HAVE_STDIO_H 1
| #define HAVE_STDLIB_H 1
| #define HAVE_STRING_H 1
| #define HAVE_INTTYPES_H 1
| #define HAVE_STDINT_H 1
| #define HAVE_STRINGS_H 1
| #define HAVE_SYS_STAT_H 1
| #define HAVE_SYS_TYPES_H 1
| #define HAVE_UNISTD_H 1
| #define STDC_HEADERS 1
| #define HAVE_DLFCN_H 1
| #define LT_OBJDIR ".libs/"
| #define USE_ASM 1
| #define HAVE_PTHREAD_PRIO_INHERIT 1
| #define HAVE_PTHREAD 1
| #define HAVE_DECL_STRERROR_R 1
| #define HAVE_STRERROR_R 1
| #define STRERROR_R_CHAR_P 1
| #define HAVE_FUNC_ATTRIBUTE_VISIBILITY 1
| #define HAVE_ENDIAN_H 1
| #define HAVE_BYTESWAP_H 1
| #define HAVE_STDIO_H 1
| #define HAVE_STDLIB_H 1
| #define HAVE_UNISTD_H 1
| #define HAVE_STRINGS_H 1
| #define HAVE_SYS_TYPES_H 1
| #define HAVE_SYS_STAT_H 1
| #define HAVE_SYS_SELECT_H 1
| #define HAVE_SYS_PRCTL_H 1
| #define HAVE_DECL_STRNLEN 1
| #define HAVE_DECL_DAEMON 1
| #define HAVE_DECL_LE16TOH 1
| #define HAVE_DECL_LE32TOH 1
| #define HAVE_DECL_LE64TOH 1
| #define HAVE_DECL_HTOLE16 1
| #define HAVE_DECL_HTOLE32 1
| #define HAVE_DECL_HTOLE64 1
| #define HAVE_DECL_BE16TOH 1
| #define HAVE_DECL_BE32TOH 1
| #define HAVE_DECL_BE64TOH 1
| #define HAVE_DECL_HTOBE16 1
| #define HAVE_DECL_HTOBE32 1
| #define HAVE_DECL_HTOBE64 1
| #define HAVE_DECL_BSWAP_16 1
| #define HAVE_DECL_BSWAP_32 1
| #define HAVE_DECL_BSWAP_64 1
| #define HAVE_DECL___BUILTIN_CLZ 1
| #define HAVE_DECL___BUILTIN_CLZL 1
| #define HAVE_DECL___BUILTIN_CLZLL 1
| #define HAVE_MSG_NOSIGNAL 1
| #define HAVE_MSG_DONTWAIT 1
| #define HAVE_MALLOC_INFO 1
| #define HAVE_MALLOPT_ARENA_MAX 1
| #define HAVE_VISIBILITY_ATTRIBUTE 1
| #define HAVE_THREAD_LOCAL 1
| #define HAVE_SYS_GETRANDOM 1
| #define HAVE_GETENTROPY 1
| #define HAVE_GETENTROPY_RAND 1
| /* end confdefs.h.  */
| 
|         #include <db4/db_cxx.h>
| 
| int
| main (void)
| {
| 
|         #if !((DB_VERSION_MAJOR == 4 && DB_VERSION_MINOR >= 8) || DB_VERSION_MAJOR > 4)
|           #error "failed to find bdb 4.8+"
|         #endif
| 
|   ;
|   return 0;
| }
configure:25357: g++ -std=c++11 -c -g -O2 -Wall -Wextra -Wformat -Wvla -Wformat-security -Wno-unused-parameter -Wno-implicit-fallthrough  -DHAVE_BUILD_INFO -D__STDC_FORMAT_MACROS conftest.cpp >&5
conftest.cpp:69:18: fatal error: bdb5/db_cxx.h: No such file or directory
   69 |         #include <bdb5/db_cxx.h>
      |                  ^~~~~~~~~~~~~~~
compilation terminated.
configure:25357: $? = 1
configure: failed program was:
| /* confdefs.h */
| #define PACKAGE_NAME "Notebc Core"
| #define PACKAGE_TARNAME "notebc"
| #define PACKAGE_VERSION "1.1.0"
| #define PACKAGE_STRING "Notebc Core 1.1.0"
| #define PACKAGE_BUGREPORT "https://www.notebc.com/"
| #define PACKAGE_URL "https://www.notebc.com/"
| #define HAVE_CXX11 1
| #define HAVE_STDIO_H 1
| #define HAVE_STDLIB_H 1
| #define HAVE_STRING_H 1
| #define HAVE_INTTYPES_H 1
| #define HAVE_STDINT_H 1
| #define HAVE_STRINGS_H 1
| #define HAVE_SYS_STAT_H 1
| #define HAVE_SYS_TYPES_H 1
| #define HAVE_UNISTD_H 1
| #define STDC_HEADERS 1
| #define HAVE_DLFCN_H 1
| #define LT_OBJDIR ".libs/"
| #define USE_ASM 1
| #define HAVE_PTHREAD_PRIO_INHERIT 1
| #define HAVE_PTHREAD 1
| #define HAVE_DECL_STRERROR_R 1
| #define HAVE_STRERROR_R 1
| #define STRERROR_R_CHAR_P 1
| #define HAVE_FUNC_ATTRIBUTE_VISIBILITY 1
| #define HAVE_ENDIAN_H 1
| #define HAVE_BYTESWAP_H 1
| #define HAVE_STDIO_H 1
| #define HAVE_STDLIB_H 1
| #define HAVE_UNISTD_H 1
| #define HAVE_STRINGS_H 1
| #define HAVE_SYS_TYPES_H 1
| #define HAVE_SYS_STAT_H 1
| #define HAVE_SYS_SELECT_H 1
| #define HAVE_SYS_PRCTL_H 1
| #define HAVE_DECL_STRNLEN 1
| #define HAVE_DECL_DAEMON 1
| #define HAVE_DECL_LE16TOH 1
| #define HAVE_DECL_LE32TOH 1
| #define HAVE_DECL_LE64TOH 1
| #define HAVE_DECL_HTOLE16 1
| #define HAVE_DECL_HTOLE32 1
| #define HAVE_DECL_HTOLE64 1
| #define HAVE_DECL_BE16TOH 1
| #define HAVE_DECL_BE32TOH 1
| #define HAVE_DECL_BE64TOH 1
| #define HAVE_DECL_HTOBE16 1
| #define HAVE_DECL_HTOBE32 1
| #define HAVE_DECL_HTOBE64 1
| #define HAVE_DECL_BSWAP_16 1
| #define HAVE_DECL_BSWAP_32 1
| #define HAVE_DECL_BSWAP_64 1
| #define HAVE_DECL___BUILTIN_CLZ 1
| #define HAVE_DECL___BUILTIN_CLZL 1
| #define HAVE_DECL___BUILTIN_CLZLL 1
| #define HAVE_MSG_NOSIGNAL 1
| #define HAVE_MSG_DONTWAIT 1
| #define HAVE_MALLOC_INFO 1
| #define HAVE_MALLOPT_ARENA_MAX 1
| #define HAVE_VISIBILITY_ATTRIBUTE 1
| #define HAVE_THREAD_LOCAL 1
| #define HAVE_SYS_GETRANDOM 1
| #define HAVE_GETENTROPY 1
| #define HAVE_GETENTROPY_RAND 1
| /* end confdefs.h.  */
| 
|         #include <bdb5/db_cxx.h>
| 
| int
| main (void)
| {
| 
|         #if !((DB_VERSION_MAJOR == 4 && DB_VERSION_MINOR >= 8) || DB_VERSION_MAJOR > 4)
|           #error "failed to find bdb 4.8+"
|         #endif
| 
|   ;
|   return 0;
| }
configure:25357: g++ -std=c++11 -c -g -O2 -Wall -Wextra -Wformat -Wvla -Wformat-security -Wno-unused-parameter -Wno-implicit-fallthrough  -DHAVE_BUILD_INFO -D__STDC_FORMAT_MACROS conftest.cpp >&5
conftest.cpp:69:18: fatal error: libdb5/db_cxx.h: No such file or directory
   69 |         #include <libdb5/db_cxx.h>
      |                  ^~~~~~~~~~~~~~~~~
compilation terminated.
configure:25357: $? = 1
configure: failed program was:
| /* confdefs.h */
| #define PACKAGE_NAME "Notebc Core"
| #define PACKAGE_TARNAME "notebc"
| #define PACKAGE_VERSION "1.1.0"
| #define PACKAGE_STRING "Notebc Core 1.1.0"
| #define PACKAGE_BUGREPORT "https://www.notebc.com/"
| #define PACKAGE_URL "https://www.notebc.com/"
| #define HAVE_CXX11 1
| #define HAVE_STDIO_H 1
| #define HAVE_STDLIB_H 1
| #define HAVE_STRING_H 1
| #define HAVE_INTTYPES_H 1
| #define HAVE_STDINT_H 1
| #define HAVE_STRINGS_H 1
| #define HAVE_SYS_STAT_H 1
| #define HAVE_SYS_TYPES_H 1
| #define HAVE_UNISTD_H 1
| #define STDC_HEADERS 1
| #define HAVE_DLFCN_H 1
| #define LT_OBJDIR ".libs/"
| #define USE_ASM 1
| #define HAVE_PTHREAD_PRIO_INHERIT 1
| #define HAVE_PTHREAD 1
| #define HAVE_DECL_STRERROR_R 1
| #define HAVE_STRERROR_R 1
| #define STRERROR_R_CHAR_P 1
| #define HAVE_FUNC_ATTRIBUTE_VISIBILITY 1
| #define HAVE_ENDIAN_H 1
| #define HAVE_BYTESWAP_H 1
| #define HAVE_STDIO_H 1
| #define HAVE_STDLIB_H 1
| #define HAVE_UNISTD_H 1
| #define HAVE_STRINGS_H 1
| #define HAVE_SYS_TYPES_H 1
| #define HAVE_SYS_STAT_H 1
| #define HAVE_SYS_SELECT_H 1
| #define HAVE_SYS_PRCTL_H 1
| #define HAVE_DECL_STRNLEN 1
| #define HAVE_DECL_DAEMON 1
| #define HAVE_DECL_LE16TOH 1
| #define HAVE_DECL_LE32TOH 1
| #define HAVE_DECL_LE64TOH 1
| #define HAVE_DECL_HTOLE16 1
| #define HAVE_DECL_HTOLE32 1
| #define HAVE_DECL_HTOLE64 1
| #define HAVE_DECL_BE16TOH 1
| #define HAVE_DECL_BE32TOH 1
| #define HAVE_DECL_BE64TOH 1
| #define HAVE_DECL_HTOBE16 1
| #define HAVE_DECL_HTOBE32 1
| #define HAVE_DECL_HTOBE64 1
| #define HAVE_DECL_BSWAP_16 1
| #define HAVE_DECL_BSWAP_32 1
| #define HAVE_DECL_BSWAP_64 1
| #define HAVE_DECL___BUILTIN_CLZ 1
| #define HAVE_DECL___BUILTIN_CLZL 1
| #define HAVE_DECL___BUILTIN_CLZLL 1
| #define HAVE_MSG_NOSIGNAL 1
| #define HAVE_MSG_DONTWAIT 1
| #define HAVE_MALLOC_INFO 1
| #define HAVE_MALLOPT_ARENA_MAX 1
| #define HAVE_VISIBILITY_ATTRIBUTE 1
| #define HAVE_THREAD_LOCAL 1
| #define HAVE_SYS_GETRANDOM 1
| #define HAVE_GETENTROPY 1
| #define HAVE_GETENTROPY_RAND 1
| /* end confdefs.h.  */
| 
|         #include <libdb5/db_cxx.h>
| 
| int
| main (void)
| {
| 
|         #if !((DB_VERSION_MAJOR == 4 && DB_VERSION_MINOR >= 8) || DB_VERSION_MAJOR > 4)
|           #error "failed to find bdb 4.8+"
|         #endif
| 
|   ;
|   return 0;
| }
configure:25357: g++ -std=c++11 -c -g -O2 -Wall -Wextra -Wformat -Wvla -Wformat-security -Wno-unused-parameter -Wno-implicit-fallthrough  -DHAVE_BUILD_INFO -D__STDC_FORMAT_MACROS conftest.cpp >&5
conftest.cpp:69:18: fatal error: db5/db_cxx.h: No such file or directory
   69 |         #include <db5/db_cxx.h>
      |                  ^~~~~~~~~~~~~~
compilation terminated.
configure:25357: $? = 1
configure: failed program was:
| /* confdefs.h */
| #define PACKAGE_NAME "Notebc Core"
| #define PACKAGE_TARNAME "notebc"
| #define PACKAGE_VERSION "1.1.0"
| #define PACKAGE_STRING "Notebc Core 1.1.0"
| #define PACKAGE_BUGREPORT "https://www.notebc.com/"
| #define PACKAGE_URL "https://www.notebc.com/"
| #define HAVE_CXX11 1
| #define HAVE_STDIO_H 1
| #define HAVE_STDLIB_H 1
| #define HAVE_STRING_H 1
| #define HAVE_INTTYPES_H 1
| #define HAVE_STDINT_H 1
| #define HAVE_STRINGS_H 1
| #define HAVE_SYS_STAT_H 1
| #define HAVE_SYS_TYPES_H 1
| #define HAVE_UNISTD_H 1
| #define STDC_HEADERS 1
| #define HAVE_DLFCN_H 1
| #define LT_OBJDIR ".libs/"
| #define USE_ASM 1
| #define HAVE_PTHREAD_PRIO_INHERIT 1
| #define HAVE_PTHREAD 1
| #define HAVE_DECL_STRERROR_R 1
| #define HAVE_STRERROR_R 1
| #define STRERROR_R_CHAR_P 1
| #define HAVE_FUNC_ATTRIBUTE_VISIBILITY 1
| #define HAVE_ENDIAN_H 1
| #define HAVE_BYTESWAP_H 1
| #define HAVE_STDIO_H 1
| #define HAVE_STDLIB_H 1
| #define HAVE_UNISTD_H 1
| #define HAVE_STRINGS_H 1
| #define HAVE_SYS_TYPES_H 1
| #define HAVE_SYS_STAT_H 1
| #define HAVE_SYS_SELECT_H 1
| #define HAVE_SYS_PRCTL_H 1
| #define HAVE_DECL_STRNLEN 1
| #define HAVE_DECL_DAEMON 1
| #define HAVE_DECL_LE16TOH 1
| #define HAVE_DECL_LE32TOH 1
| #define HAVE_DECL_LE64TOH 1
| #define HAVE_DECL_HTOLE16 1
| #define HAVE_DECL_HTOLE32 1
| #define HAVE_DECL_HTOLE64 1
| #define HAVE_DECL_BE16TOH 1
| #define HAVE_DECL_BE32TOH 1
| #define HAVE_DECL_BE64TOH 1
| #define HAVE_DECL_HTOBE16 1
| #define HAVE_DECL_HTOBE32 1
| #define HAVE_DECL_HTOBE64 1
| #define HAVE_DECL_BSWAP_16 1
| #define HAVE_DECL_BSWAP_32 1
| #define HAVE_DECL_BSWAP_64 1
| #define HAVE_DECL___BUILTIN_CLZ 1
| #define HAVE_DECL___BUILTIN_CLZL 1
| #define HAVE_DECL___BUILTIN_CLZLL 1
| #define HAVE_MSG_NOSIGNAL 1
| #define HAVE_MSG_DONTWAIT 1
| #define HAVE_MALLOC_INFO 1
| #define HAVE_MALLOPT_ARENA_MAX 1
| #define HAVE_VISIBILITY_ATTRIBUTE 1
| #define HAVE_THREAD_LOCAL 1
| #define HAVE_SYS_GETRANDOM 1
| #define HAVE_GETENTROPY 1
| #define HAVE_GETENTROPY_RAND 1
| /* end confdefs.h.  */
| 
|         #include <db5/db_cxx.h>
| 
| int
| main (void)
| {
| 
|         #if !((DB_VERSION_MAJOR == 4 && DB_VERSION_MINOR >= 8) || DB_VERSION_MAJOR > 4)
|           #error "failed to find bdb 4.8+"
|         #endif
| 
|   ;
|   return 0;
| }
configure:25357: g++ -std=c++11 -c -g -O2 -Wall -Wextra -Wformat -Wvla -Wformat-security -Wno-unused-parameter -Wno-implicit-fallthrough  -DHAVE_BUILD_INFO -D__STDC_FORMAT_MACROS conftest.cpp >&5
conftest.cpp:69:18: fatal error: bdb5.3/db_cxx.h: No such file or directory
   69 |         #include <bdb5.3/db_cxx.h>
      |                  ^~~~~~~~~~~~~~~~~
compilation terminated.
configure:25357: $? = 1
configure: failed program was:
| /* confdefs.h */
| #define PACKAGE_NAME "Notebc Core"
| #define PACKAGE_TARNAME "notebc"
| #define PACKAGE_VERSION "1.1.0"
| #define PACKAGE_STRING "Notebc Core 1.1.0"
| #define PACKAGE_BUGREPORT "https://www.notebc.com/"
| #define PACKAGE_URL "https://www.notebc.com/"
| #define HAVE_CXX11 1
| #define HAVE_STDIO_H 1
| #define HAVE_STDLIB_H 1
| #define HAVE_STRING_H 1
| #define HAVE_INTTYPES_H 1
| #define HAVE_STDINT_H 1
| #define HAVE_STRINGS_H 1
| #define HAVE_SYS_STAT_H 1
| #define HAVE_SYS_TYPES_H 1
| #define HAVE_UNISTD_H 1
| #define STDC_HEADERS 1
| #define HAVE_DLFCN_H 1
| #define LT_OBJDIR ".libs/"
| #define USE_ASM 1
| #define HAVE_PTHREAD_PRIO_INHERIT 1
| #define HAVE_PTHREAD 1
| #define HAVE_DECL_STRERROR_R 1
| #define HAVE_STRERROR_R 1
| #define STRERROR_R_CHAR_P 1
| #define HAVE_FUNC_ATTRIBUTE_VISIBILITY 1
| #define HAVE_ENDIAN_H 1
| #define HAVE_BYTESWAP_H 1
| #define HAVE_STDIO_H 1
| #define HAVE_STDLIB_H 1
| #define HAVE_UNISTD_H 1
| #define HAVE_STRINGS_H 1
| #define HAVE_SYS_TYPES_H 1
| #define HAVE_SYS_STAT_H 1
| #define HAVE_SYS_SELECT_H 1
| #define HAVE_SYS_PRCTL_H 1
| #define HAVE_DECL_STRNLEN 1
| #define HAVE_DECL_DAEMON 1
| #define HAVE_DECL_LE16TOH 1
| #define HAVE_DECL_LE32TOH 1
| #define HAVE_DECL_LE64TOH 1
| #define HAVE_DECL_HTOLE16 1
| #define HAVE_DECL_HTOLE32 1
| #define HAVE_DECL_HTOLE64 1
| #define HAVE_DECL_BE16TOH 1
| #define HAVE_DECL_BE32TOH 1
| #define HAVE_DECL_BE64TOH 1
| #define HAVE_DECL_HTOBE16 1
| #define HAVE_DECL_HTOBE32 1
| #define HAVE_DECL_HTOBE64 1
| #define HAVE_DECL_BSWAP_16 1
| #define HAVE_DECL_BSWAP_32 1
| #define HAVE_DECL_BSWAP_64 1
| #define HAVE_DECL___BUILTIN_CLZ 1
| #define HAVE_DECL___BUILTIN_CLZL 1
| #define HAVE_DECL___BUILTIN_CLZLL 1
| #define HAVE_MSG_NOSIGNAL 1
| #define HAVE_MSG_DONTWAIT 1
| #define HAVE_MALLOC_INFO 1
| #define HAVE_MALLOPT_ARENA_MAX 1
| #define HAVE_VISIBILITY_ATTRIBUTE 1
| #define HAVE_THREAD_LOCAL 1
| #define HAVE_SYS_GETRANDOM 1
| #define HAVE_GETENTROPY 1
| #define HAVE_GETENTROPY_RAND 1
| /* end confdefs.h.  */
| 
|         #include <bdb5.3/db_cxx.h>
| 
| int
| main (void)
| {
| 
|         #if !((DB_VERSION_MAJOR == 4 && DB_VERSION_MINOR >= 8) || DB_VERSION_MAJOR > 4)
|           #error "failed to find bdb 4.8+"
|         #endif
| 
|   ;
|   return 0;
| }
configure:25357: g++ -std=c++11 -c -g -O2 -Wall -Wextra -Wformat -Wvla -Wformat-security -Wno-unused-parameter -Wno-implicit-fallthrough  -DHAVE_BUILD_INFO -D__STDC_FORMAT_MACROS conftest.cpp >&5
conftest.cpp:69:18: fatal error: libdb5.3/db_cxx.h: No such file or directory
   69 |         #include <libdb5.3/db_cxx.h>
      |                  ^~~~~~~~~~~~~~~~~~~
compilation terminated.
configure:25357: $? = 1
configure: failed program was:
| /* confdefs.h */
| #define PACKAGE_NAME "Notebc Core"
| #define PACKAGE_TARNAME "notebc"
| #define PACKAGE_VERSION "1.1.0"
| #define PACKAGE_STRING "Notebc Core 1.1.0"
| #define PACKAGE_BUGREPORT "https://www.notebc.com/"
| #define PACKAGE_URL "https://www.notebc.com/"
| #define HAVE_CXX11 1
| #define HAVE_STDIO_H 1
| #define HAVE_STDLIB_H 1
| #define HAVE_STRING_H 1
| #define HAVE_INTTYPES_H 1
| #define HAVE_STDINT_H 1
| #define HAVE_STRINGS_H 1
| #define HAVE_SYS_STAT_H 1
| #define HAVE_SYS_TYPES_H 1
| #define HAVE_UNISTD_H 1
| #define STDC_HEADERS 1
| #define HAVE_DLFCN_H 1
| #define LT_OBJDIR ".libs/"
| #define USE_ASM 1
| #define HAVE_PTHREAD_PRIO_INHERIT 1
| #define HAVE_PTHREAD 1
| #define HAVE_DECL_STRERROR_R 1
| #define HAVE_STRERROR_R 1
| #define STRERROR_R_CHAR_P 1
| #define HAVE_FUNC_ATTRIBUTE_VISIBILITY 1
| #define HAVE_ENDIAN_H 1
| #define HAVE_BYTESWAP_H 1
| #define HAVE_STDIO_H 1
| #define HAVE_STDLIB_H 1
| #define HAVE_UNISTD_H 1
| #define HAVE_STRINGS_H 1
| #define HAVE_SYS_TYPES_H 1
| #define HAVE_SYS_STAT_H 1
| #define HAVE_SYS_SELECT_H 1
| #define HAVE_SYS_PRCTL_H 1
| #define HAVE_DECL_STRNLEN 1
| #define HAVE_DECL_DAEMON 1
| #define HAVE_DECL_LE16TOH 1
| #define HAVE_DECL_LE32TOH 1
| #define HAVE_DECL_LE64TOH 1
| #define HAVE_DECL_HTOLE16 1
| #define HAVE_DECL_HTOLE32 1
| #define HAVE_DECL_HTOLE64 1
| #define HAVE_DECL_BE16TOH 1
| #define HAVE_DECL_BE32TOH 1
| #define HAVE_DECL_BE64TOH 1
| #define HAVE_DECL_HTOBE16 1
| #define HAVE_DECL_HTOBE32 1
| #define HAVE_DECL_HTOBE64 1
| #define HAVE_DECL_BSWAP_16 1
| #define HAVE_DECL_BSWAP_32 1
| #define HAVE_DECL_BSWAP_64 1
| #define HAVE_DECL___BUILTIN_CLZ 1
| #define HAVE_DECL___BUILTIN_CLZL 1
| #define HAVE_DECL___BUILTIN_CLZLL 1
| #define HAVE_MSG_NOSIGNAL 1
| #define HAVE_MSG_DONTWAIT 1
| #define HAVE_MALLOC_INFO 1
| #define HAVE_MALLOPT_ARENA_MAX 1
| #define HAVE_VISIBILITY_ATTRIBUTE 1
| #define HAVE_THREAD_LOCAL 1
| #define HAVE_SYS_GETRANDOM 1
| #define HAVE_GETENTROPY 1
| #define HAVE_GETENTROPY_RAND 1
| /* end confdefs.h.  */
| 
|         #include <libdb5.3/db_cxx.h>
| 
| int
| main (void)
| {
| 
|         #if !((DB_VERSION_MAJOR == 4 && DB_VERSION_MINOR >= 8) || DB_VERSION_MAJOR > 4)
|           #error "failed to find bdb 4.8+"
|         #endif
| 
|   ;
|   return 0;
| }
configure:25357: g++ -std=c++11 -c -g -O2 -Wall -Wextra -Wformat -Wvla -Wformat-security -Wno-unused-parameter -Wno-implicit-fallthrough  -DHAVE_BUILD_INFO -D__STDC_FORMAT_MACROS conftest.cpp >&5
conftest.cpp:69:18: fatal error: db5.3/db_cxx.h: No such file or directory
   69 |         #include <db5.3/db_cxx.h>
      |                  ^~~~~~~~~~~~~~~~
compilation terminated.
configure:25357: $? = 1
configure: failed program was:
| /* confdefs.h */
| #define PACKAGE_NAME "Notebc Core"
| #define PACKAGE_TARNAME "notebc"
| #define PACKAGE_VERSION "1.1.0"
| #define PACKAGE_STRING "Notebc Core 1.1.0"
| #define PACKAGE_BUGREPORT "https://www.notebc.com/"
| #define PACKAGE_URL "https://www.notebc.com/"
| #define HAVE_CXX11 1
| #define HAVE_STDIO_H 1
| #define HAVE_STDLIB_H 1
| #define HAVE_STRING_H 1
| #define HAVE_INTTYPES_H 1
| #define HAVE_STDINT_H 1
| #define HAVE_STRINGS_H 1
| #define HAVE_SYS_STAT_H 1
| #define HAVE_SYS_TYPES_H 1
| #define HAVE_UNISTD_H 1
| #define STDC_HEADERS 1
| #define HAVE_DLFCN_H 1
| #define LT_OBJDIR ".libs/"
| #define USE_ASM 1
| #define HAVE_PTHREAD_PRIO_INHERIT 1
| #define HAVE_PTHREAD 1
| #define HAVE_DECL_STRERROR_R 1
| #define HAVE_STRERROR_R 1
| #define STRERROR_R_CHAR_P 1
| #define HAVE_FUNC_ATTRIBUTE_VISIBILITY 1
| #define HAVE_ENDIAN_H 1
| #define HAVE_BYTESWAP_H 1
| #define HAVE_STDIO_H 1
| #define HAVE_STDLIB_H 1
| #define HAVE_UNISTD_H 1
| #define HAVE_STRINGS_H 1
| #define HAVE_SYS_TYPES_H 1
| #define HAVE_SYS_STAT_H 1
| #define HAVE_SYS_SELECT_H 1
| #define HAVE_SYS_PRCTL_H 1
| #define HAVE_DECL_STRNLEN 1
| #define HAVE_DECL_DAEMON 1
| #define HAVE_DECL_LE16TOH 1
| #define HAVE_DECL_LE32TOH 1
| #define HAVE_DECL_LE64TOH 1
| #define HAVE_DECL_HTOLE16 1
| #define HAVE_DECL_HTOLE32 1
| #define HAVE_DECL_HTOLE64 1
| #define HAVE_DECL_BE16TOH 1
| #define HAVE_DECL_BE32TOH 1
| #define HAVE_DECL_BE64TOH 1
| #define HAVE_DECL_HTOBE16 1
| #define HAVE_DECL_HTOBE32 1
| #define HAVE_DECL_HTOBE64 1
| #define HAVE_DECL_BSWAP_16 1
| #define HAVE_DECL_BSWAP_32 1
| #define HAVE_DECL_BSWAP_64 1
| #define HAVE_DECL___BUILTIN_CLZ 1
| #define HAVE_DECL___BUILTIN_CLZL 1
| #define HAVE_DECL___BUILTIN_CLZLL 1
| #define HAVE_MSG_NOSIGNAL 1
| #define HAVE_MSG_DONTWAIT 1
| #define HAVE_MALLOC_INFO 1
| #define HAVE_MALLOPT_ARENA_MAX 1
| #define HAVE_VISIBILITY_ATTRIBUTE 1
| #define HAVE_THREAD_LOCAL 1
| #define HAVE_SYS_GETRANDOM 1
| #define HAVE_GETENTROPY 1
| #define HAVE_GETENTROPY_RAND 1
| /* end confdefs.h.  */
| 
|         #include <db5.3/db_cxx.h>
| 
| int
| main (void)
| {
| 
|         #if !((DB_VERSION_MAJOR == 4 && DB_VERSION_MINOR >= 8) || DB_VERSION_MAJOR > 4)
|           #error "failed to find bdb 4.8+"
|         #endif
| 
|   ;
|   return 0;
| }
configure:25357: g++ -std=c++11 -c -g -O2 -Wall -Wextra -Wformat -Wvla -Wformat-security -Wno-unused-parameter -Wno-implicit-fallthrough  -DHAVE_BUILD_INFO -D__STDC_FORMAT_MACROS conftest.cpp >&5
conftest.cpp:69:18: fatal error: bdb/db_cxx.h: No such file or directory
   69 |         #include <bdb/db_cxx.h>
      |                  ^~~~~~~~~~~~~~
compilation terminated.
configure:25357: $? = 1
configure: failed program was:
| /* confdefs.h */
| #define PACKAGE_NAME "Notebc Core"
| #define PACKAGE_TARNAME "notebc"
| #define PACKAGE_VERSION "1.1.0"
| #define PACKAGE_STRING "Notebc Core 1.1.0"
| #define PACKAGE_BUGREPORT "https://www.notebc.com/"
| #define PACKAGE_URL "https://www.notebc.com/"
| #define HAVE_CXX11 1
| #define HAVE_STDIO_H 1
| #define HAVE_STDLIB_H 1
| #define HAVE_STRING_H 1
| #define HAVE_INTTYPES_H 1
| #define HAVE_STDINT_H 1
| #define HAVE_STRINGS_H 1
| #define HAVE_SYS_STAT_H 1
| #define HAVE_SYS_TYPES_H 1
| #define HAVE_UNISTD_H 1
| #define STDC_HEADERS 1
| #define HAVE_DLFCN_H 1
| #define LT_OBJDIR ".libs/"
| #define USE_ASM 1
| #define HAVE_PTHREAD_PRIO_INHERIT 1
| #define HAVE_PTHREAD 1
| #define HAVE_DECL_STRERROR_R 1
| #define HAVE_STRERROR_R 1
| #define STRERROR_R_CHAR_P 1
| #define HAVE_FUNC_ATTRIBUTE_VISIBILITY 1
| #define HAVE_ENDIAN_H 1
| #define HAVE_BYTESWAP_H 1
| #define HAVE_STDIO_H 1
| #define HAVE_STDLIB_H 1
| #define HAVE_UNISTD_H 1
| #define HAVE_STRINGS_H 1
| #define HAVE_SYS_TYPES_H 1
| #define HAVE_SYS_STAT_H 1
| #define HAVE_SYS_SELECT_H 1
| #define HAVE_SYS_PRCTL_H 1
| #define HAVE_DECL_STRNLEN 1
| #define HAVE_DECL_DAEMON 1
| #define HAVE_DECL_LE16TOH 1
| #define HAVE_DECL_LE32TOH 1
| #define HAVE_DECL_LE64TOH 1
| #define HAVE_DECL_HTOLE16 1
| #define HAVE_DECL_HTOLE32 1
| #define HAVE_DECL_HTOLE64 1
| #define HAVE_DECL_BE16TOH 1
| #define HAVE_DECL_BE32TOH 1
| #define HAVE_DECL_BE64TOH 1
| #define HAVE_DECL_HTOBE16 1
| #define HAVE_DECL_HTOBE32 1
| #define HAVE_DECL_HTOBE64 1
| #define HAVE_DECL_BSWAP_16 1
| #define HAVE_DECL_BSWAP_32 1
| #define HAVE_DECL_BSWAP_64 1
| #define HAVE_DECL___BUILTIN_CLZ 1
| #define HAVE_DECL___BUILTIN_CLZL 1
| #define HAVE_DECL___BUILTIN_CLZLL 1
| #define HAVE_MSG_NOSIGNAL 1
| #define HAVE_MSG_DONTWAIT 1
| #define HAVE_MALLOC_INFO 1
| #define HAVE_MALLOPT_ARENA_MAX 1
| #define HAVE_VISIBILITY_ATTRIBUTE 1
| #define HAVE_THREAD_LOCAL 1
| #define HAVE_SYS_GETRANDOM 1
| #define HAVE_GETENTROPY 1
| #define HAVE_GETENTROPY_RAND 1
| /* end confdefs.h.  */
| 
|         #include <bdb/db_cxx.h>
| 
| int
| main (void)
| {
| 
|         #if !((DB_VERSION_MAJOR == 4 && DB_VERSION_MINOR >= 8) || DB_VERSION_MAJOR > 4)
|           #error "failed to find bdb 4.8+"
|         #endif
| 
|   ;
|   return 0;
| }
configure:25357: g++ -std=c++11 -c -g -O2 -Wall -Wextra -Wformat -Wvla -Wformat-security -Wno-unused-parameter -Wno-implicit-fallthrough  -DHAVE_BUILD_INFO -D__STDC_FORMAT_MACROS conftest.cpp >&5
conftest.cpp:69:18: fatal error: libdb/db_cxx.h: No such file or directory
   69 |         #include <libdb/db_cxx.h>
      |                  ^~~~~~~~~~~~~~~~
compilation terminated.
configure:25357: $? = 1
configure: failed program was:
| /* confdefs.h */
| #define PACKAGE_NAME "Notebc Core"
| #define PACKAGE_TARNAME "notebc"
| #define PACKAGE_VERSION "1.1.0"
| #define PACKAGE_STRING "Notebc Core 1.1.0"
| #define PACKAGE_BUGREPORT "https://www.notebc.com/"
| #define PACKAGE_URL "https://www.notebc.com/"
| #define HAVE_CXX11 1
| #define HAVE_STDIO_H 1
| #define HAVE_STDLIB_H 1
| #define HAVE_STRING_H 1
| #define HAVE_INTTYPES_H 1
| #define HAVE_STDINT_H 1
| #define HAVE_STRINGS_H 1
| #define HAVE_SYS_STAT_H 1
| #define HAVE_SYS_TYPES_H 1
| #define HAVE_UNISTD_H 1
| #define STDC_HEADERS 1
| #define HAVE_DLFCN_H 1
| #define LT_OBJDIR ".libs/"
| #define USE_ASM 1
| #define HAVE_PTHREAD_PRIO_INHERIT 1
| #define HAVE_PTHREAD 1
| #define HAVE_DECL_STRERROR_R 1
| #define HAVE_STRERROR_R 1
| #define STRERROR_R_CHAR_P 1
| #define HAVE_FUNC_ATTRIBUTE_VISIBILITY 1
| #define HAVE_ENDIAN_H 1
| #define HAVE_BYTESWAP_H 1
| #define HAVE_STDIO_H 1
| #define HAVE_STDLIB_H 1
| #define HAVE_UNISTD_H 1
| #define HAVE_STRINGS_H 1
| #define HAVE_SYS_TYPES_H 1
| #define HAVE_SYS_STAT_H 1
| #define HAVE_SYS_SELECT_H 1
| #define HAVE_SYS_PRCTL_H 1
| #define HAVE_DECL_STRNLEN 1
| #define HAVE_DECL_DAEMON 1
| #define HAVE_DECL_LE16TOH 1
| #define HAVE_DECL_LE32TOH 1
| #define HAVE_DECL_LE64TOH 1
| #define HAVE_DECL_HTOLE16 1
| #define HAVE_DECL_HTOLE32 1
| #define HAVE_DECL_HTOLE64 1
| #define HAVE_DECL_BE16TOH 1
| #define HAVE_DECL_BE32TOH 1
| #define HAVE_DECL_BE64TOH 1
| #define HAVE_DECL_HTOBE16 1
| #define HAVE_DECL_HTOBE32 1
| #define HAVE_DECL_HTOBE64 1
| #define HAVE_DECL_BSWAP_16 1
| #define HAVE_DECL_BSWAP_32 1
| #define HAVE_DECL_BSWAP_64 1
| #define HAVE_DECL___BUILTIN_CLZ 1
| #define HAVE_DECL___BUILTIN_CLZL 1
| #define HAVE_DECL___BUILTIN_CLZLL 1
| #define HAVE_MSG_NOSIGNAL 1
| #define HAVE_MSG_DONTWAIT 1
| #define HAVE_MALLOC_INFO 1
| #define HAVE_MALLOPT_ARENA_MAX 1
| #define HAVE_VISIBILITY_ATTRIBUTE 1
| #define HAVE_THREAD_LOCAL 1
| #define HAVE_SYS_GETRANDOM 1
| #define HAVE_GETENTROPY 1
| #define HAVE_GETENTROPY_RAND 1
| /* end confdefs.h.  */
| 
|         #include <libdb/db_cxx.h>
| 
| int
| main (void)
| {
| 
|         #if !((DB_VERSION_MAJOR == 4 && DB_VERSION_MINOR >= 8) || DB_VERSION_MAJOR > 4)
|           #error "failed to find bdb 4.8+"
|         #endif
| 
|   ;
|   return 0;
| }
configure:25357: g++ -std=c++11 -c -g -O2 -Wall -Wextra -Wformat -Wvla -Wformat-security -Wno-unused-parameter -Wno-implicit-fallthrough  -DHAVE_BUILD_INFO -D__STDC_FORMAT_MACROS conftest.cpp >&5
conftest.cpp:69:18: fatal error: db/db_cxx.h: No such file or directory
   69 |         #include <db/db_cxx.h>
      |                  ^~~~~~~~~~~~~
compilation terminated.
configure:25357: $? = 1
configure: failed program was:
| /* confdefs.h */
| #define PACKAGE_NAME "Notebc Core"
| #define PACKAGE_TARNAME "notebc"
| #define PACKAGE_VERSION "1.1.0"
| #define PACKAGE_STRING "Notebc Core 1.1.0"
| #define PACKAGE_BUGREPORT "https://www.notebc.com/"
| #define PACKAGE_URL "https://www.notebc.com/"
| #define HAVE_CXX11 1
| #define HAVE_STDIO_H 1
| #define HAVE_STDLIB_H 1
| #define HAVE_STRING_H 1
| #define HAVE_INTTYPES_H 1
| #define HAVE_STDINT_H 1
| #define HAVE_STRINGS_H 1
| #define HAVE_SYS_STAT_H 1
| #define HAVE_SYS_TYPES_H 1
| #define HAVE_UNISTD_H 1
| #define STDC_HEADERS 1
| #define HAVE_DLFCN_H 1
| #define LT_OBJDIR ".libs/"
| #define USE_ASM 1
| #define HAVE_PTHREAD_PRIO_INHERIT 1
| #define HAVE_PTHREAD 1
| #define HAVE_DECL_STRERROR_R 1
| #define HAVE_STRERROR_R 1
| #define STRERROR_R_CHAR_P 1
| #define HAVE_FUNC_ATTRIBUTE_VISIBILITY 1
| #define HAVE_ENDIAN_H 1
| #define HAVE_BYTESWAP_H 1
| #define HAVE_STDIO_H 1
| #define HAVE_STDLIB_H 1
| #define HAVE_UNISTD_H 1
| #define HAVE_STRINGS_H 1
| #define HAVE_SYS_TYPES_H 1
| #define HAVE_SYS_STAT_H 1
| #define HAVE_SYS_SELECT_H 1
| #define HAVE_SYS_PRCTL_H 1
| #define HAVE_DECL_STRNLEN 1
| #define HAVE_DECL_DAEMON 1
| #define HAVE_DECL_LE16TOH 1
| #define HAVE_DECL_LE32TOH 1
| #define HAVE_DECL_LE64TOH 1
| #define HAVE_DECL_HTOLE16 1
| #define HAVE_DECL_HTOLE32 1
| #define HAVE_DECL_HTOLE64 1
| #define HAVE_DECL_BE16TOH 1
| #define HAVE_DECL_BE32TOH 1
| #define HAVE_DECL_BE64TOH 1
| #define HAVE_DECL_HTOBE16 1
| #define HAVE_DECL_HTOBE32 1
| #define HAVE_DECL_HTOBE64 1
| #define HAVE_DECL_BSWAP_16 1
| #define HAVE_DECL_BSWAP_32 1
| #define HAVE_DECL_BSWAP_64 1
| #define HAVE_DECL___BUILTIN_CLZ 1
| #define HAVE_DECL___BUILTIN_CLZL 1
| #define HAVE_DECL___BUILTIN_CLZLL 1
| #define HAVE_MSG_NOSIGNAL 1
| #define HAVE_MSG_DONTWAIT 1
| #define HAVE_MALLOC_INFO 1
| #define HAVE_MALLOPT_ARENA_MAX 1
| #define HAVE_VISIBILITY_ATTRIBUTE 1
| #define HAVE_THREAD_LOCAL 1
| #define HAVE_SYS_GETRANDOM 1
| #define HAVE_GETENTROPY 1
| #define HAVE_GETENTROPY_RAND 1
| /* end confdefs.h.  */
| 
|         #include <db/db_cxx.h>
| 
| int
| main (void)
| {
| 
|         #if !((DB_VERSION_MAJOR == 4 && DB_VERSION_MINOR >= 8) || DB_VERSION_MAJOR > 4)
|           #error "failed to find bdb 4.8+"
|         #endif
| 
|   ;
|   return 0;
| }
configure:25357: g++ -std=c++11 -c -g -O2 -Wall -Wextra -Wformat -Wvla -Wformat-security -Wno-unused-parameter -Wno-implicit-fallthrough  -DHAVE_BUILD_INFO -D__STDC_FORMAT_MACROS conftest.cpp >&5
configure:25357: $? = 0
configure:25387: g++ -std=c++11 -c -g -O2 -Wall -Wextra -Wformat -Wvla -Wformat-security -Wno-unused-parameter -Wno-implicit-fallthrough  -DHAVE_BUILD_INFO -D__STDC_FORMAT_MACROS conftest.cpp >&5
conftest.cpp:76:12: error: #error "failed to find bdb 4.8"
   76 |           #error "failed to find bdb 4.8"
      |            ^~~~~
configure:25387: $? = 1
configure: failed program was:
| /* confdefs.h */
| #define PACKAGE_NAME "Notebc Core"
| #define PACKAGE_TARNAME "notebc"
| #define PACKAGE_VERSION "1.1.0"
| #define PACKAGE_STRING "Notebc Core 1.1.0"
| #define PACKAGE_BUGREPORT "https://www.notebc.com/"
| #define PACKAGE_URL "https://www.notebc.com/"
| #define HAVE_CXX11 1
| #define HAVE_STDIO_H 1
| #define HAVE_STDLIB_H 1
| #define HAVE_STRING_H 1
| #define HAVE_INTTYPES_H 1
| #define HAVE_STDINT_H 1
| #define HAVE_STRINGS_H 1
| #define HAVE_SYS_STAT_H 1
| #define HAVE_SYS_TYPES_H 1
| #define HAVE_UNISTD_H 1
| #define STDC_HEADERS 1
| #define HAVE_DLFCN_H 1
| #define LT_OBJDIR ".libs/"
| #define USE_ASM 1
| #define HAVE_PTHREAD_PRIO_INHERIT 1
| #define HAVE_PTHREAD 1
| #define HAVE_DECL_STRERROR_R 1
| #define HAVE_STRERROR_R 1
| #define STRERROR_R_CHAR_P 1
| #define HAVE_FUNC_ATTRIBUTE_VISIBILITY 1
| #define HAVE_ENDIAN_H 1
| #define HAVE_BYTESWAP_H 1
| #define HAVE_STDIO_H 1
| #define HAVE_STDLIB_H 1
| #define HAVE_UNISTD_H 1
| #define HAVE_STRINGS_H 1
| #define HAVE_SYS_TYPES_H 1
| #define HAVE_SYS_STAT_H 1
| #define HAVE_SYS_SELECT_H 1
| #define HAVE_SYS_PRCTL_H 1
| #define HAVE_DECL_STRNLEN 1
| #define HAVE_DECL_DAEMON 1
| #define HAVE_DECL_LE16TOH 1
| #define HAVE_DECL_LE32TOH 1
| #define HAVE_DECL_LE64TOH 1
| #define HAVE_DECL_HTOLE16 1
| #define HAVE_DECL_HTOLE32 1
| #define HAVE_DECL_HTOLE64 1
| #define HAVE_DECL_BE16TOH 1
| #define HAVE_DECL_BE32TOH 1
| #define HAVE_DECL_BE64TOH 1
| #define HAVE_DECL_HTOBE16 1
| #define HAVE_DECL_HTOBE32 1
| #define HAVE_DECL_HTOBE64 1
| #define HAVE_DECL_BSWAP_16 1
| #define HAVE_DECL_BSWAP_32 1
| #define HAVE_DECL_BSWAP_64 1
| #define HAVE_DECL___BUILTIN_CLZ 1
| #define HAVE_DECL___BUILTIN_CLZL 1
| #define HAVE_DECL___BUILTIN_CLZLL 1
| #define HAVE_MSG_NOSIGNAL 1
| #define HAVE_MSG_DONTWAIT 1
| #define HAVE_MALLOC_INFO 1
| #define HAVE_MALLOPT_ARENA_MAX 1
| #define HAVE_VISIBILITY_ATTRIBUTE 1
| #define HAVE_THREAD_LOCAL 1
| #define HAVE_SYS_GETRANDOM 1
| #define HAVE_GETENTROPY 1
| #define HAVE_GETENTROPY_RAND 1
| /* end confdefs.h.  */
| 
|         #include <db_cxx.h>
| 
| int
| main (void)
| {
| 
|         #if !(DB_VERSION_MAJOR == 4 && DB_VERSION_MINOR == 8)
|           #error "failed to find bdb 4.8"
|         #endif
| 
|   ;
|   return 0;
| }
configure:25403: result: default
configure:25420: WARNING: Found Berkeley DB other than 4.8; wallets opened by this build will not be portable!
configure:25455: checking for main in -ldb_cxx-4.8
configure:25477: g++ -std=c++11 -o conftest -g -O2 -Wall -Wextra -Wformat -Wvla -Wformat-security -Wno-unused-parameter -Wno-implicit-fallthrough  -DHAVE_BUILD_INFO -D__STDC_FORMAT_MACROS  conftest.cpp -ldb_cxx-4.8   >&5
/usr/bin/ld: cannot find -ldb_cxx-4.8: No such file or directory
collect2: error: ld returned 1 exit status
configure:25477: $? = 1
configure: failed program was:
| /* confdefs.h */
| #define PACKAGE_NAME "Notebc Core"
| #define PACKAGE_TARNAME "notebc"
| #define PACKAGE_VERSION "1.1.0"
| #define PACKAGE_STRING "Notebc Core 1.1.0"
| #define PACKAGE_BUGREPORT "https://www.notebc.com/"
| #define PACKAGE_URL "https://www.notebc.com/"
| #define HAVE_CXX11 1
| #define HAVE_STDIO_H 1
| #define HAVE_STDLIB_H 1
| #define HAVE_STRING_H 1
| #define HAVE_INTTYPES_H 1
| #define HAVE_STDINT_H 1
| #define HAVE_STRINGS_H 1
| #define HAVE_SYS_STAT_H 1
| #define HAVE_SYS_TYPES_H 1
| #define HAVE_UNISTD_H 1
| #define STDC_HEADERS 1
| #define HAVE_DLFCN_H 1
| #define LT_OBJDIR ".libs/"
| #define USE_ASM 1
| #define HAVE_PTHREAD_PRIO_INHERIT 1
| #define HAVE_PTHREAD 1
| #define HAVE_DECL_STRERROR_R 1
| #define HAVE_STRERROR_R 1
| #define STRERROR_R_CHAR_P 1
| #define HAVE_FUNC_ATTRIBUTE_VISIBILITY 1
| #define HAVE_ENDIAN_H 1
| #define HAVE_BYTESWAP_H 1
| #define HAVE_STDIO_H 1
| #define HAVE_STDLIB_H 1
| #define HAVE_UNISTD_H 1
| #define HAVE_STRINGS_H 1
| #define HAVE_SYS_TYPES_H 1
| #define HAVE_SYS_STAT_H 1
| #define HAVE_SYS_SELECT_H 1
| #define HAVE_SYS_PRCTL_H 1
| #define HAVE_DECL_STRNLEN 1
| #define HAVE_DECL_DAEMON 1
| #define HAVE_DECL_LE16TOH 1
| #define HAVE_DECL_LE32TOH 1
| #define HAVE_DECL_LE64TOH 1
| #define HAVE_DECL_HTOLE16 1
| #define HAVE_DECL_HTOLE32 1
| #define HAVE_DECL_HTOLE64 1
| #define HAVE_DECL_BE16TOH 1
| #define HAVE_DECL_BE32TOH 1
| #define HAVE_DECL_BE64TOH 1
| #define HAVE_DECL_HTOBE16 1
| #define HAVE_DECL_HTOBE32 1
| #define HAVE_DECL_HTOBE64 1
| #define HAVE_DECL_BSWAP_16 1
| #define HAVE_DECL_BSWAP_32 1
| #define HAVE_DECL_BSWAP_64 1
| #define HAVE_DECL___BUILTIN_CLZ 1
| #define HAVE_DECL___BUILTIN_CLZL 1
| #define HAVE_DECL___BUILTIN_CLZLL 1
| #define HAVE_MSG_NOSIGNAL 1
| #define HAVE_MSG_DONTWAIT 1
| #define HAVE_MALLOC_INFO 1
| #define HAVE_MALLOPT_ARENA_MAX 1
| #define HAVE_VISIBILITY_ATTRIBUTE 1
| #define HAVE_THREAD_LOCAL 1
| #define HAVE_SYS_GETRANDOM 1
| #define HAVE_GETENTROPY 1
| #define HAVE_GETENTROPY_RAND 1
| /* end confdefs.h.  */
| 
| namespace conftest {
|   extern "C" int main ();
| }
| int
| main (void)
| {
| return conftest::main ();
|   ;
|   return 0;
| }
configure:25488: result: no
configure:25455: checking for main in -ldb_cxx
configure:25477: g++ -std=c++11 -o conftest -g -O2 -Wall -Wextra -Wformat -Wvla -Wformat-security -Wno-unused-parameter -Wno-implicit-fallthrough  -DHAVE_BUILD_INFO -D__STDC_FORMAT_MACROS  conftest.cpp -ldb_cxx   >&5
configure:25477: $? = 0
configure:25488: result: yes
configure:25511: checking for miniupnpc/miniwget.h
configure:25511: g++ -std=c++11 -c -g -O2 -Wall -Wextra -Wformat -Wvla -Wformat-security -Wno-unused-parameter -Wno-implicit-fallthrough  -DHAVE_BUILD_INFO -D__STDC_FORMAT_MACROS conftest.cpp >&5
configure:25511: $? = 0
configure:25511: result: yes
configure:25517: checking for main in -lminiupnpc
configure:25539: g++ -std=c++11 -o conftest -g -O2 -Wall -Wextra -Wformat -Wvla -Wformat-security -Wno-unused-parameter -Wno-implicit-fallthrough  -DHAVE_BUILD_INFO -D__STDC_FORMAT_MACROS  conftest.cpp -lminiupnpc   >&5
configure:25539: $? = 0
configure:25549: result: yes
configure:25511: checking for miniupnpc/miniupnpc.h
configure:25511: g++ -std=c++11 -c -g -O2 -Wall -Wextra -Wformat -Wvla -Wformat-security -Wno-unused-parameter -Wno-implicit-fallthrough  -DHAVE_BUILD_INFO -D__STDC_FORMAT_MACROS conftest.cpp >&5
configure:25511: $? = 0
configure:25511: result: yes
configure:25517: checking for main in -lminiupnpc
configure:25549: result: yes
configure:25511: checking for miniupnpc/upnpcommands.h
configure:25511: g++ -std=c++11 -c -g -O2 -Wall -Wextra -Wformat -Wvla -Wformat-security -Wno-unused-parameter -Wno-implicit-fallthrough  -DHAVE_BUILD_INFO -D__STDC_FORMAT_MACROS conftest.cpp >&5
configure:25511: $? = 0
configure:25511: result: yes
configure:25517: checking for main in -lminiupnpc
configure:25549: result: yes
configure:25511: checking for miniupnpc/upnperrors.h
configure:25511: g++ -std=c++11 -c -g -O2 -Wall -Wextra -Wformat -Wvla -Wformat-security -Wno-unused-parameter -Wno-implicit-fallthrough  -DHAVE_BUILD_INFO -D__STDC_FORMAT_MACROS conftest.cpp >&5
configure:25511: $? = 0
configure:25511: result: yes
configure:25517: checking for main in -lminiupnpc
configure:25549: result: yes
configure:25654: checking for Qt5Core Qt5Gui Qt5Network Qt5Widgets
configure:25661: $PKG_CONFIG --exists --print-errors "$qt5_modules"
configure:25664: $? = 0
configure:25678: $PKG_CONFIG --exists --print-errors "$qt5_modules"
configure:25681: $? = 0
configure:25719: result: yes
configure:25751: checking for Qt5Test
configure:25758: $PKG_CONFIG --exists --print-errors "${QT_LIB_PREFIX}Test"
configure:25761: $? = 0
configure:25775: $PKG_CONFIG --exists --print-errors "${QT_LIB_PREFIX}Test"
configure:25778: $? = 0
configure:25816: result: yes
configure:25823: checking for Qt5DBus
configure:25830: $PKG_CONFIG --exists --print-errors "${QT_LIB_PREFIX}DBus"
configure:25833: $? = 0
configure:25847: $PKG_CONFIG --exists --print-errors "${QT_LIB_PREFIX}DBus"
configure:25850: $? = 0
configure:25888: result: yes
configure:27074: checking for static Qt
configure:27101: g++ -std=c++11 -c -fPIC -g -O2 -Wall -Wextra -Wformat -Wvla -Wformat-security -Wno-unused-parameter -Wno-implicit-fallthrough -I/usr/include/x86_64-linux-gnu/qt5/QtCore -I/usr/include/x86_64-linux-gnu/qt5 -I/usr/include/x86_64-linux-gnu/qt5/QtGui -DQT_NETWORK_LIB -I/usr/include/x86_64-linux-gnu/qt5/QtNetwork -DQT_WIDGETS_LIB -I/usr/include/x86_64-linux-gnu/qt5/QtWidgets -DQT_GUI_LIB -DQT_CORE_LIB   -DHAVE_BUILD_INFO -D__STDC_FORMAT_MACROS conftest.cpp >&5
conftest.cpp:74:28: warning: extra tokens at end of #ifndef directive
   74 |         #ifndef QT_VERSION OR QT_VERSION_STR
      |                            ^~
conftest.cpp: In function 'int main()':
conftest.cpp:83:9: error: 'choke' was not declared in this scope
   83 |         choke
      |         ^~~~~
configure:27101: $? = 1
configure: failed program was:
| /* confdefs.h */
| #define PACKAGE_NAME "Notebc Core"
| #define PACKAGE_TARNAME "notebc"
| #define PACKAGE_VERSION "1.1.0"
| #define PACKAGE_STRING "Notebc Core 1.1.0"
| #define PACKAGE_BUGREPORT "https://www.notebc.com/"
| #define PACKAGE_URL "https://www.notebc.com/"
| #define HAVE_CXX11 1
| #define HAVE_STDIO_H 1
| #define HAVE_STDLIB_H 1
| #define HAVE_STRING_H 1
| #define HAVE_INTTYPES_H 1
| #define HAVE_STDINT_H 1
| #define HAVE_STRINGS_H 1
| #define HAVE_SYS_STAT_H 1
| #define HAVE_SYS_TYPES_H 1
| #define HAVE_UNISTD_H 1
| #define STDC_HEADERS 1
| #define HAVE_DLFCN_H 1
| #define LT_OBJDIR ".libs/"
| #define USE_ASM 1
| #define HAVE_PTHREAD_PRIO_INHERIT 1
| #define HAVE_PTHREAD 1
| #define HAVE_DECL_STRERROR_R 1
| #define HAVE_STRERROR_R 1
| #define STRERROR_R_CHAR_P 1
| #define HAVE_FUNC_ATTRIBUTE_VISIBILITY 1
| #define HAVE_ENDIAN_H 1
| #define HAVE_BYTESWAP_H 1
| #define HAVE_STDIO_H 1
| #define HAVE_STDLIB_H 1
| #define HAVE_UNISTD_H 1
| #define HAVE_STRINGS_H 1
| #define HAVE_SYS_TYPES_H 1
| #define HAVE_SYS_STAT_H 1
| #define HAVE_SYS_SELECT_H 1
| #define HAVE_SYS_PRCTL_H 1
| #define HAVE_DECL_STRNLEN 1
| #define HAVE_DECL_DAEMON 1
| #define HAVE_DECL_LE16TOH 1
| #define HAVE_DECL_LE32TOH 1
| #define HAVE_DECL_LE64TOH 1
| #define HAVE_DECL_HTOLE16 1
| #define HAVE_DECL_HTOLE32 1
| #define HAVE_DECL_HTOLE64 1
| #define HAVE_DECL_BE16TOH 1
| #define HAVE_DECL_BE32TOH 1
| #define HAVE_DECL_BE64TOH 1
| #define HAVE_DECL_HTOBE16 1
| #define HAVE_DECL_HTOBE32 1
| #define HAVE_DECL_HTOBE64 1
| #define HAVE_DECL_BSWAP_16 1
| #define HAVE_DECL_BSWAP_32 1
| #define HAVE_DECL_BSWAP_64 1
| #define HAVE_DECL___BUILTIN_CLZ 1
| #define HAVE_DECL___BUILTIN_CLZL 1
| #define HAVE_DECL___BUILTIN_CLZLL 1
| #define HAVE_MSG_NOSIGNAL 1
| #define HAVE_MSG_DONTWAIT 1
| #define HAVE_MALLOC_INFO 1
| #define HAVE_MALLOPT_ARENA_MAX 1
| #define HAVE_VISIBILITY_ATTRIBUTE 1
| #define HAVE_THREAD_LOCAL 1
| #define HAVE_SYS_GETRANDOM 1
| #define HAVE_GETENTROPY 1
| #define HAVE_GETENTROPY_RAND 1
| #define HAVE_MINIUPNPC_MINIWGET_H 1
| #define HAVE_MINIUPNPC_MINIUPNPC_H 1
| #define HAVE_MINIUPNPC_UPNPCOMMANDS_H 1
| #define HAVE_MINIUPNPC_UPNPERRORS_H 1
| /* end confdefs.h.  */
| 
|         #include <QtCore/qconfig.h>
|         #ifndef QT_VERSION OR QT_VERSION_STR
|         #  include <QtCore/qglobal.h>
|         #endif
| 
| int
| main (void)
| {
| 
|         #if !defined(QT_STATIC)
|         choke
|         #endif
| 
|   ;
|   return 0;
| }
configure:27110: result: no
configure:29074: checking whether -fPIE can be used with this Qt config
configure:29100: g++ -std=c++11 -c -fPIE -g -O2 -Wall -Wextra -Wformat -Wvla -Wformat-security -Wno-unused-parameter -Wno-implicit-fallthrough -I/usr/include/x86_64-linux-gnu/qt5/QtCore -I/usr/include/x86_64-linux-gnu/qt5 -I/usr/include/x86_64-linux-gnu/qt5/QtGui -DQT_NETWORK_LIB -I/usr/include/x86_64-linux-gnu/qt5/QtNetwork -DQT_WIDGETS_LIB -I/usr/include/x86_64-linux-gnu/qt5/QtWidgets -DQT_GUI_LIB -DQT_CORE_LIB   -DHAVE_BUILD_INFO -D__STDC_FORMAT_MACROS conftest.cpp >&5
In file included from conftest.cpp:75:
/usr/include/x86_64-linux-gnu/qt5/QtCore/qglobal.h:1287:4: error: #error "You must build your code with position independent code if Qt was built with -reduce-relocations. " "Compile your code with -fPIC (and not with -fPIE)."
 1287 | #  error "You must build your code with position independent code if Qt was built with -reduce-relocations. "\
      |    ^~~~~
conftest.cpp: In function 'int main()':
conftest.cpp:83:9: error: 'choke' was not declared in this scope
   83 |         choke
      |         ^~~~~
configure:29100: $? = 1
configure: failed program was:
| /* confdefs.h */
| #define PACKAGE_NAME "Notebc Core"
| #define PACKAGE_TARNAME "notebc"
| #define PACKAGE_VERSION "1.1.0"
| #define PACKAGE_STRING "Notebc Core 1.1.0"
| #define PACKAGE_BUGREPORT "https://www.notebc.com/"
| #define PACKAGE_URL "https://www.notebc.com/"
| #define HAVE_CXX11 1
| #define HAVE_STDIO_H 1
| #define HAVE_STDLIB_H 1
| #define HAVE_STRING_H 1
| #define HAVE_INTTYPES_H 1
| #define HAVE_STDINT_H 1
| #define HAVE_STRINGS_H 1
| #define HAVE_SYS_STAT_H 1
| #define HAVE_SYS_TYPES_H 1
| #define HAVE_UNISTD_H 1
| #define STDC_HEADERS 1
| #define HAVE_DLFCN_H 1
| #define LT_OBJDIR ".libs/"
| #define USE_ASM 1
| #define HAVE_PTHREAD_PRIO_INHERIT 1
| #define HAVE_PTHREAD 1
| #define HAVE_DECL_STRERROR_R 1
| #define HAVE_STRERROR_R 1
| #define STRERROR_R_CHAR_P 1
| #define HAVE_FUNC_ATTRIBUTE_VISIBILITY 1
| #define HAVE_ENDIAN_H 1
| #define HAVE_BYTESWAP_H 1
| #define HAVE_STDIO_H 1
| #define HAVE_STDLIB_H 1
| #define HAVE_UNISTD_H 1
| #define HAVE_STRINGS_H 1
| #define HAVE_SYS_TYPES_H 1
| #define HAVE_SYS_STAT_H 1
| #define HAVE_SYS_SELECT_H 1
| #define HAVE_SYS_PRCTL_H 1
| #define HAVE_DECL_STRNLEN 1
| #define HAVE_DECL_DAEMON 1
| #define HAVE_DECL_LE16TOH 1
| #define HAVE_DECL_LE32TOH 1
| #define HAVE_DECL_LE64TOH 1
| #define HAVE_DECL_HTOLE16 1
| #define HAVE_DECL_HTOLE32 1
| #define HAVE_DECL_HTOLE64 1
| #define HAVE_DECL_BE16TOH 1
| #define HAVE_DECL_BE32TOH 1
| #define HAVE_DECL_BE64TOH 1
| #define HAVE_DECL_HTOBE16 1
| #define HAVE_DECL_HTOBE32 1
| #define HAVE_DECL_HTOBE64 1
| #define HAVE_DECL_BSWAP_16 1
| #define HAVE_DECL_BSWAP_32 1
| #define HAVE_DECL_BSWAP_64 1
| #define HAVE_DECL___BUILTIN_CLZ 1
| #define HAVE_DECL___BUILTIN_CLZL 1
| #define HAVE_DECL___BUILTIN_CLZLL 1
| #define HAVE_MSG_NOSIGNAL 1
| #define HAVE_MSG_DONTWAIT 1
| #define HAVE_MALLOC_INFO 1
| #define HAVE_MALLOPT_ARENA_MAX 1
| #define HAVE_VISIBILITY_ATTRIBUTE 1
| #define HAVE_THREAD_LOCAL 1
| #define HAVE_SYS_GETRANDOM 1
| #define HAVE_GETENTROPY 1
| #define HAVE_GETENTROPY_RAND 1
| #define HAVE_MINIUPNPC_MINIWGET_H 1
| #define HAVE_MINIUPNPC_MINIUPNPC_H 1
| #define HAVE_MINIUPNPC_UPNPCOMMANDS_H 1
| #define HAVE_MINIUPNPC_UPNPERRORS_H 1
| /* end confdefs.h.  */
| 
|         #include <QtCore/qconfig.h>
|         #ifndef QT_VERSION
|         #  include <QtCore/qglobal.h>
|         #endif
| 
| int
| main (void)
| {
| 
|         #if defined(QT_REDUCE_RELOCATIONS)
|         choke
|         #endif
| 
|   ;
|   return 0;
| }
configure:29105: result: no
configure:29176: checking for moc-qt5
configure:29214: result: no
configure:29176: checking for moc5
configure:29214: result: no
configure:29176: checking for moc
configure:29199: found /usr/lib/x86_64-linux-gnu/qt5/bin/moc
configure:29211: result: /usr/lib/x86_64-linux-gnu/qt5/bin/moc
configure:29305: checking for uic-qt5
configure:29343: result: no
configure:29305: checking for uic5
configure:29343: result: no
configure:29305: checking for uic
configure:29328: found /usr/lib/x86_64-linux-gnu/qt5/bin/uic
configure:29340: result: /usr/lib/x86_64-linux-gnu/qt5/bin/uic
configure:29434: checking for rcc-qt5
configure:29472: result: no
configure:29434: checking for rcc5
configure:29472: result: no
configure:29434: checking for rcc
configure:29457: found /usr/lib/x86_64-linux-gnu/qt5/bin/rcc
configure:29469: result: /usr/lib/x86_64-linux-gnu/qt5/bin/rcc
configure:29563: checking for lrelease-qt5
configure:29601: result: no
configure:29563: checking for lrelease5
configure:29601: result: no
configure:29563: checking for lrelease
configure:29586: found /usr/lib/x86_64-linux-gnu/qt5/bin/lrelease
configure:29598: result: /usr/lib/x86_64-linux-gnu/qt5/bin/lrelease
configure:29692: checking for lupdate-qt5
configure:29730: result: no
configure:29692: checking for lupdate5
configure:29730: result: no
configure:29692: checking for lupdate
configure:29715: found /usr/lib/x86_64-linux-gnu/qt5/bin/lupdate
configure:29727: result: /usr/lib/x86_64-linux-gnu/qt5/bin/lupdate
configure:29923: checking whether to build Notebc Core GUI
configure:29953: result: yes (Qt5)
configure:30029: checking for boostlib >= 1.47.0
configure:30114: g++ -std=c++11 -c -g -O2 -Wall -Wextra -Wformat -Wvla -Wformat-security -Wno-unused-parameter -Wno-implicit-fallthrough  -DHAVE_BUILD_INFO -D__STDC_FORMAT_MACROS -I/usr/include conftest.cpp >&5
configure:30114: $? = 0
configure:30117: result: yes
configure:30309: checking whether the Boost::System library is available
configure:30335: g++ -std=c++11 -c   -DHAVE_BUILD_INFO -D__STDC_FORMAT_MACROS -I/usr/include conftest.cpp >&5
configure:30335: $? = 0
configure:30351: result: yes
configure:30367: checking for exit in -lboost_system
configure:30389: g++ -std=c++11 -o conftest -g -O2 -Wall -Wextra -Wformat -Wvla -Wformat-security -Wno-unused-parameter -Wno-implicit-fallthrough  -DHAVE_BUILD_INFO -D__STDC_FORMAT_MACROS -I/usr/include  -L/usr/lib/x86_64-linux-gnu conftest.cpp -lboost_system   >&5
configure:30389: $? = 0
configure:30400: result: yes
configure:30555: checking whether the Boost::Filesystem library is available
configure:30580: g++ -std=c++11 -c -g -O2 -Wall -Wextra -Wformat -Wvla -Wformat-security -Wno-unused-parameter -Wno-implicit-fallthrough  -DHAVE_BUILD_INFO -D__STDC_FORMAT_MACROS -I/usr/include conftest.cpp >&5
configure:30580: $? = 0
configure:30595: result: yes
configure:30607: checking for exit in -lboost_filesystem
configure:30629: g++ -std=c++11 -o conftest -g -O2 -Wall -Wextra -Wformat -Wvla -Wformat-security -Wno-unused-parameter -Wno-implicit-fallthrough  -DHAVE_BUILD_INFO -D__STDC_FORMAT_MACROS -I/usr/include  -L/usr/lib/x86_64-linux-gnu conftest.cpp -lboost_filesystem   -lboost_system >&5
configure:30629: $? = 0
configure:30640: result: yes
configure:30790: checking whether the Boost::Program_Options library is available
configure:30815: g++ -std=c++11 -c -g -O2 -Wall -Wextra -Wformat -Wvla -Wformat-security -Wno-unused-parameter -Wno-implicit-fallthrough  -DHAVE_BUILD_INFO -D__STDC_FORMAT_MACROS -I/usr/include conftest.cpp >&5
configure:30815: $? = 0
configure:30830: result: yes
configure:30841: checking for exit in -lboost_program_options
configure:30863: g++ -std=c++11 -o conftest -g -O2 -Wall -Wextra -Wformat -Wvla -Wformat-security -Wno-unused-parameter -Wno-implicit-fallthrough  -DHAVE_BUILD_INFO -D__STDC_FORMAT_MACROS -I/usr/include  -L/usr/lib/x86_64-linux-gnu conftest.cpp -lboost_program_options   >&5
configure:30863: $? = 0
configure:30874: result: yes
configure:31023: checking whether the Boost::Thread library is available
configure:31056: g++ -std=c++11 -c -pthread -g -O2 -Wall -Wextra -Wformat -Wvla -Wformat-security -Wno-unused-parameter -Wno-implicit-fallthrough  -DHAVE_BUILD_INFO -D__STDC_FORMAT_MACROS -I/usr/include conftest.cpp >&5
configure:31056: $? = 0
configure:31072: result: yes
configure:31102: checking for exit in -lboost_thread
configure:31124: g++ -std=c++11 -o conftest -g -O2 -Wall -Wextra -Wformat -Wvla -Wformat-security -Wno-unused-parameter -Wno-implicit-fallthrough  -DHAVE_BUILD_INFO -D__STDC_FORMAT_MACROS -I/usr/include  -L/usr/lib/x86_64-linux-gnu conftest.cpp -lboost_thread   >&5
configure:31124: $? = 0
configure:31135: result: yes
configure:31295: checking whether the Boost::Chrono library is available
configure:31320: g++ -std=c++11 -c -g -O2 -Wall -Wextra -Wformat -Wvla -Wformat-security -Wno-unused-parameter -Wno-implicit-fallthrough  -DHAVE_BUILD_INFO -D__STDC_FORMAT_MACROS -pthread -I/usr/include conftest.cpp >&5
configure:31320: $? = 0
configure:31336: result: yes
configure:31352: checking for exit in -lboost_chrono
configure:31374: g++ -std=c++11 -o conftest -g -O2 -Wall -Wextra -Wformat -Wvla -Wformat-security -Wno-unused-parameter -Wno-implicit-fallthrough  -DHAVE_BUILD_INFO -D__STDC_FORMAT_MACROS -pthread -I/usr/include  -L/usr/lib/x86_64-linux-gnu conftest.cpp -lboost_chrono   >&5
configure:31374: $? = 0
configure:31385: result: yes
configure:31631: checking whether the Boost::Unit_Test_Framework library is available
configure:31655: g++ -std=c++11 -c -g -O2 -Wall -Wextra -Wformat -Wvla -Wformat-security -Wno-unused-parameter -Wno-implicit-fallthrough  -DHAVE_BUILD_INFO -D__STDC_FORMAT_MACROS -DBOOST_SP_USE_STD_ATOMIC -DBOOST_AC_USE_STD_ATOMIC -pthread -I/usr/include conftest.cpp >&5
conftest.cpp: In function 'int main()':
conftest.cpp:83:70: warning: unused variable 'test' [-Wunused-variable]
   83 |                                                          test_suite* test= BOOST_TEST_SUITE( "Unit test example 1" ); return 0;
      |                                                                      ^~~~
configure:31655: $? = 0
configure:31670: result: yes
configure:31781: checking for dynamic linked boost test
configure:31796: g++ -std=c++11 -o conftest -g -O2 -Wall -Wextra -Wformat -Wvla -Wformat-security -Wno-unused-parameter -Wno-implicit-fallthrough  -DHAVE_BUILD_INFO -D__STDC_FORMAT_MACROS -DBOOST_SP_USE_STD_ATOMIC -DBOOST_AC_USE_STD_ATOMIC -pthread -I/usr/include  conftest.cpp  -L/usr/lib/x86_64-linux-gnu -lboost_unit_test_framework >&5
configure:31796: $? = 0
configure:31798: result: yes
configure:31824: checking for mismatched boost c++11 scoped enums
configure:31852: g++ -std=c++11 -o conftest -g -O2 -Wall -Wextra -Wformat -Wvla -Wformat-security -Wno-unused-parameter -Wno-implicit-fallthrough  -DHAVE_BUILD_INFO -D__STDC_FORMAT_MACROS -DBOOST_SP_USE_STD_ATOMIC -DBOOST_AC_USE_STD_ATOMIC -pthread -I/usr/include  conftest.cpp -L/usr/lib/x86_64-linux-gnu -lboost_system -lboost_filesystem -lboost_program_options -lboost_thread -lboost_chrono  >&5
conftest.cpp: In function 'int main()':
conftest.cpp:96:5: error: 'choke' was not declared in this scope
   96 |     choke;
      |     ^~~~~
configure:31852: $? = 1
configure: failed program was:
| /* confdefs.h */
| #define PACKAGE_NAME "Notebc Core"
| #define PACKAGE_TARNAME "notebc"
| #define PACKAGE_VERSION "1.1.0"
| #define PACKAGE_STRING "Notebc Core 1.1.0"
| #define PACKAGE_BUGREPORT "https://www.notebc.com/"
| #define PACKAGE_URL "https://www.notebc.com/"
| #define HAVE_CXX11 1
| #define HAVE_STDIO_H 1
| #define HAVE_STDLIB_H 1
| #define HAVE_STRING_H 1
| #define HAVE_INTTYPES_H 1
| #define HAVE_STDINT_H 1
| #define HAVE_STRINGS_H 1
| #define HAVE_SYS_STAT_H 1
| #define HAVE_SYS_TYPES_H 1
| #define HAVE_UNISTD_H 1
| #define STDC_HEADERS 1
| #define HAVE_DLFCN_H 1
| #define LT_OBJDIR ".libs/"
| #define USE_ASM 1
| #define HAVE_PTHREAD_PRIO_INHERIT 1
| #define HAVE_PTHREAD 1
| #define HAVE_DECL_STRERROR_R 1
| #define HAVE_STRERROR_R 1
| #define STRERROR_R_CHAR_P 1
| #define HAVE_FUNC_ATTRIBUTE_VISIBILITY 1
| #define HAVE_ENDIAN_H 1
| #define HAVE_BYTESWAP_H 1
| #define HAVE_STDIO_H 1
| #define HAVE_STDLIB_H 1
| #define HAVE_UNISTD_H 1
| #define HAVE_STRINGS_H 1
| #define HAVE_SYS_TYPES_H 1
| #define HAVE_SYS_STAT_H 1
| #define HAVE_SYS_SELECT_H 1
| #define HAVE_SYS_PRCTL_H 1
| #define HAVE_DECL_STRNLEN 1
| #define HAVE_DECL_DAEMON 1
| #define HAVE_DECL_LE16TOH 1
| #define HAVE_DECL_LE32TOH 1
| #define HAVE_DECL_LE64TOH 1
| #define HAVE_DECL_HTOLE16 1
| #define HAVE_DECL_HTOLE32 1
| #define HAVE_DECL_HTOLE64 1
| #define HAVE_DECL_BE16TOH 1
| #define HAVE_DECL_BE32TOH 1
| #define HAVE_DECL_BE64TOH 1
| #define HAVE_DECL_HTOBE16 1
| #define HAVE_DECL_HTOBE32 1
| #define HAVE_DECL_HTOBE64 1
| #define HAVE_DECL_BSWAP_16 1
| #define HAVE_DECL_BSWAP_32 1
| #define HAVE_DECL_BSWAP_64 1
| #define HAVE_DECL___BUILTIN_CLZ 1
| #define HAVE_DECL___BUILTIN_CLZL 1
| #define HAVE_DECL___BUILTIN_CLZLL 1
| #define HAVE_MSG_NOSIGNAL 1
| #define HAVE_MSG_DONTWAIT 1
| #define HAVE_MALLOC_INFO 1
| #define HAVE_MALLOPT_ARENA_MAX 1
| #define HAVE_VISIBILITY_ATTRIBUTE 1
| #define HAVE_THREAD_LOCAL 1
| #define HAVE_SYS_GETRANDOM 1
| #define HAVE_GETENTROPY 1
| #define HAVE_GETENTROPY_RAND 1
| #define HAVE_MINIUPNPC_MINIWGET_H 1
| #define HAVE_MINIUPNPC_MINIUPNPC_H 1
| #define HAVE_MINIUPNPC_UPNPCOMMANDS_H 1
| #define HAVE_MINIUPNPC_UPNPERRORS_H 1
| #define HAVE_BOOST /**/
| #define HAVE_BOOST_SYSTEM /**/
| #define HAVE_BOOST_FILESYSTEM /**/
| #define HAVE_BOOST_PROGRAM_OPTIONS /**/
| #define HAVE_BOOST_THREAD /**/
| #define HAVE_BOOST_CHRONO /**/
| #define HAVE_BOOST_UNIT_TEST_FRAMEWORK /**/
| /* end confdefs.h.  */
| 
|   #include <boost/config.hpp>
|   #include <boost/version.hpp>
|   #if !defined(BOOST_NO_SCOPED_ENUMS) && !defined(BOOST_NO_CXX11_SCOPED_ENUMS) && BOOST_VERSION < 105700
|   #define BOOST_NO_SCOPED_ENUMS
|   #define BOOST_NO_CXX11_SCOPED_ENUMS
|   #define CHECK
|   #endif
|   #include <boost/filesystem.hpp>
| 
| int
| main (void)
| {
| 
|   #if defined(CHECK)
|     boost::filesystem::copy_file("foo", "bar");
|   #else
|     choke;
|   #endif
| 
|   ;
|   return 0;
| }
configure:31857: result: ok
configure:31889: g++ -std=c++11 -o conftest -g -O2 -Wall -Wextra -Wformat -Wvla -Wformat-security -Wno-unused-parameter -Wno-implicit-fallthrough  -DHAVE_BUILD_INFO -D__STDC_FORMAT_MACROS -DBOOST_SP_USE_STD_ATOMIC -DBOOST_AC_USE_STD_ATOMIC -pthread -I/usr/include  conftest.cpp -L/usr/lib/x86_64-linux-gnu -lboost_system -lboost_filesystem -lboost_program_options -lboost_thread -lboost_chrono  >&5
configure:31889: $? = 0
configure:31953: checking for libssl
configure:31960: $PKG_CONFIG --exists --print-errors "libssl"
configure:31963: $? = 0
configure:31977: $PKG_CONFIG --exists --print-errors "libssl"
configure:31980: $? = 0
configure:32018: result: yes
configure:32024: checking for libcrypto
configure:32031: $PKG_CONFIG --exists --print-errors "libcrypto"
configure:32034: $? = 0
configure:32048: $PKG_CONFIG --exists --print-errors "libcrypto"
configure:32051: $? = 0
configure:32089: result: yes
configure:32098: checking for protobuf
configure:32105: $PKG_CONFIG --exists --print-errors "protobuf"
configure:32108: $? = 0
configure:32122: $PKG_CONFIG --exists --print-errors "protobuf"
configure:32125: $? = 0
configure:32185: result: yes
configure:32200: checking for libqrencode
configure:32207: $PKG_CONFIG --exists --print-errors "libqrencode"
configure:32210: $? = 0
configure:32224: $PKG_CONFIG --exists --print-errors "libqrencode"
configure:32227: $? = 0
configure:32265: result: yes
configure:32278: checking for libevent
configure:32285: $PKG_CONFIG --exists --print-errors "libevent"
configure:32288: $? = 0
configure:32302: $PKG_CONFIG --exists --print-errors "libevent"
configure:32305: $? = 0
configure:32343: result: yes
configure:32350: checking for libevent_pthreads
configure:32357: $PKG_CONFIG --exists --print-errors "libevent_pthreads"
configure:32360: $? = 0
configure:32374: $PKG_CONFIG --exists --print-errors "libevent_pthreads"
configure:32377: $? = 0
configure:32415: result: yes
configure:32425: checking for libzmq >= 4
configure:32432: $PKG_CONFIG --exists --print-errors "libzmq >= 4"
configure:32435: $? = 0
configure:32449: $PKG_CONFIG --exists --print-errors "libzmq >= 4"
configure:32452: $? = 0
configure:32500: result: yes
configure:32918: checking whether EVP_MD_CTX_new is declared
configure:32918: g++ -std=c++11 -c -g -O2 -Wall -Wextra -Wformat -Wvla -Wformat-security -Wno-unused-parameter -Wno-implicit-fallthrough     -DHAVE_BUILD_INFO -D__STDC_FORMAT_MACROS conftest.cpp >&5
configure:32918: $? = 0
configure:32918: result: yes
configure:33162: checking for protoc
configure:33185: found /usr/bin/protoc
configure:33197: result: /usr/bin/protoc
configure:33231: checking whether to build notecoind
configure:33241: result: yes
configure:33244: checking whether to build utils (notecoin-cli notecoin-tx)
configure:33254: result: yes
configure:33257: checking whether to build libraries
configure:33274: result: yes
configure:33285: checking if ccache should be used
configure:33298: result: no
configure:33342: checking if wallet should be enabled
configure:33345: result: yes
configure:33356: checking whether to build with support for UPnP
configure:33366: result: yes
configure:33368: checking whether to build with UPnP enabled by default
configure:33376: result: no
configure:33392: checking whether to build GUI with support for D-Bus
configure:33399: result: yes
configure:33402: checking whether to build GUI with support for QR codes
configure:33412: result: yes
configure:33429: checking whether to build test_notecoin-qt
configure:33432: result: yes
configure:33450: checking whether to build test_notecoin
configure:33453: result: yes
configure:33462: checking whether to enable sse2 instructions
configure:33473: result: no
configure:33477: checking whether to reduce exports
configure:33483: result: no
configure:33832: checking that generated files are newer than configure
configure:33838: result: done
configure:33962: creating ./config.status

## ---------------------- ##
## Running config.status. ##
## ---------------------- ##

This file was extended by Notebc Core config.status 1.1.0, which was
generated by GNU Autoconf 2.71.  Invocation command line was

  CONFIG_FILES    = 
  CONFIG_HEADERS  = 
  CONFIG_LINKS    = 
  CONFIG_COMMANDS = 
  $ ./config.status 

on ubuntu-s-1vcpu-2gb-nyc3-01

config.status:1434: creating libbitcoinconsensus.pc
config.status:1434: creating Makefile
config.status:1434: creating src/Makefile
config.status:1434: creating doc/man/Makefile
config.status:1434: creating share/setup.nsi
config.status:1434: creating share/qt/Info.plist
config.status:1434: creating test/config.ini
config.status:1434: creating contrib/devtools/split-debug.sh
config.status:1434: creating doc/Doxyfile
config.status:1434: creating src/config/bitcoin-config.h
config.status:1694: executing depfiles commands
config.status:1771: cd src       && sed -e '/# am--include-marker/d' Makefile         | make -f - am--depfiles
config.status:1776: $? = 0
config.status:1694: executing libtool commands
configure:36491: === configuring in src/univalue (/home/poolop/ntbcfix/NoteBlockchain/src/univalue)
configure:36552: running /bin/bash ./configure --disable-option-checking '--prefix=/usr/local'  '--with-incompatible-bdb' '--disable-shared' '--with-pic' '--with-bignum=no' '--enable-module-recovery' '--disable-jni' --cache-file=/dev/null --srcdir=.
configure:36491: === configuring in src/secp256k1 (/home/poolop/ntbcfix/NoteBlockchain/src/secp256k1)
configure:36552: running /bin/bash ./configure --disable-option-checking '--prefix=/usr/local'  '--with-incompatible-bdb' '--disable-shared' '--with-pic' '--with-bignum=no' '--enable-module-recovery' '--disable-jni' --cache-file=/dev/null --srcdir=.
configure:36571: result: Fixing libtool for -rpath problems.

## ---------------- ##
## Cache variables. ##
## ---------------- ##

ac_cv_build=x86_64-pc-linux-gnu
ac_cv_c_bigendian=no
ac_cv_c_compiler_gnu=yes
ac_cv_cxx_compiler_gnu=yes
ac_cv_cxx_undeclared_builtin_options='none needed'
ac_cv_env_ARFLAGS_set=
ac_cv_env_ARFLAGS_value=
ac_cv_env_BDB_CFLAGS_set=
ac_cv_env_BDB_CFLAGS_value=
ac_cv_env_BDB_LIBS_set=
ac_cv_env_BDB_LIBS_value=
ac_cv_env_CCC_set=
ac_cv_env_CCC_value=
ac_cv_env_CC_set=
ac_cv_env_CC_value=
ac_cv_env_CFLAGS_set=
ac_cv_env_CFLAGS_value=
ac_cv_env_CPPFLAGS_set=
ac_cv_env_CPPFLAGS_value=
ac_cv_env_CPP_set=
ac_cv_env_CPP_value=
ac_cv_env_CRYPTO_CFLAGS_set=
ac_cv_env_CRYPTO_CFLAGS_value=
ac_cv_env_CRYPTO_LIBS_set=
ac_cv_env_CRYPTO_LIBS_value=
ac_cv_env_CXXCPP_set=
ac_cv_env_CXXCPP_value=
ac_cv_env_CXXFLAGS_set=
ac_cv_env_CXXFLAGS_value=
ac_cv_env_CXX_set=
ac_cv_env_CXX_value=
ac_cv_env_EVENT_CFLAGS_set=
ac_cv_env_EVENT_CFLAGS_value=
ac_cv_env_EVENT_LIBS_set=
ac_cv_env_EVENT_LIBS_value=
ac_cv_env_EVENT_PTHREADS_CFLAGS_set=
ac_cv_env_EVENT_PTHREADS_CFLAGS_value=
ac_cv_env_EVENT_PTHREADS_LIBS_set=
ac_cv_env_EVENT_PTHREADS_LIBS_value=
ac_cv_env_LDFLAGS_set=
ac_cv_env_LDFLAGS_value=
ac_cv_env_LIBS_set=
ac_cv_env_LIBS_value=
ac_cv_env_LT_SYS_LIBRARY_PATH_set=
ac_cv_env_LT_SYS_LIBRARY_PATH_value=
ac_cv_env_OBJCXXFLAGS_set=
ac_cv_env_OBJCXXFLAGS_value=
ac_cv_env_OBJCXX_set=
ac_cv_env_OBJCXX_value=
ac_cv_env_PKG_CONFIG_LIBDIR_set=
ac_cv_env_PKG_CONFIG_LIBDIR_value=
ac_cv_env_PKG_CONFIG_PATH_set=
ac_cv_env_PKG_CONFIG_PATH_value=
ac_cv_env_PKG_CONFIG_set=
ac_cv_env_PKG_CONFIG_value=
ac_cv_env_PROTOBUF_CFLAGS_set=
ac_cv_env_PROTOBUF_CFLAGS_value=
ac_cv_env_PROTOBUF_LIBS_set=
ac_cv_env_PROTOBUF_LIBS_value=
ac_cv_env_PYTHONPATH_set=
ac_cv_env_PYTHONPATH_value=
ac_cv_env_QR_CFLAGS_set=
ac_cv_env_QR_CFLAGS_value=
ac_cv_env_QR_LIBS_set=
ac_cv_env_QR_LIBS_value=
ac_cv_env_QT5_CFLAGS_set=
ac_cv_env_QT5_CFLAGS_value=
ac_cv_env_QT5_LIBS_set=
ac_cv_env_QT5_LIBS_value=
ac_cv_env_QTACCESSIBILITY_CFLAGS_set=
ac_cv_env_QTACCESSIBILITY_CFLAGS_value=
ac_cv_env_QTACCESSIBILITY_LIBS_set=
ac_cv_env_QTACCESSIBILITY_LIBS_value=
ac_cv_env_QTCGL_CFLAGS_set=
ac_cv_env_QTCGL_CFLAGS_value=
ac_cv_env_QTCGL_LIBS_set=
ac_cv_env_QTCGL_LIBS_value=
ac_cv_env_QTCLIPBOARD_CFLAGS_set=
ac_cv_env_QTCLIPBOARD_CFLAGS_value=
ac_cv_env_QTCLIPBOARD_LIBS_set=
ac_cv_env_QTCLIPBOARD_LIBS_value=
ac_cv_env_QTDEVICEDISCOVERY_CFLAGS_set=
ac_cv_env_QTDEVICEDISCOVERY_CFLAGS_value=
ac_cv_env_QTDEVICEDISCOVERY_LIBS_set=
ac_cv_env_QTDEVICEDISCOVERY_LIBS_value=
ac_cv_env_QTEVENTDISPATCHER_CFLAGS_set=
ac_cv_env_QTEVENTDISPATCHER_CFLAGS_value=
ac_cv_env_QTEVENTDISPATCHER_LIBS_set=
ac_cv_env_QTEVENTDISPATCHER_LIBS_value=
ac_cv_env_QTFB_CFLAGS_set=
ac_cv_env_QTFB_CFLAGS_value=
ac_cv_env_QTFB_LIBS_set=
ac_cv_env_QTFB_LIBS_value=
ac_cv_env_QTFONTDATABASE_CFLAGS_set=
ac_cv_env_QTFONTDATABASE_CFLAGS_value=
ac_cv_env_QTFONTDATABASE_LIBS_set=
ac_cv_env_QTFONTDATABASE_LIBS_value=
ac_cv_env_QTGRAPHICS_CFLAGS_set=
ac_cv_env_QTGRAPHICS_CFLAGS_value=
ac_cv_env_QTGRAPHICS_LIBS_set=
ac_cv_env_QTGRAPHICS_LIBS_value=
ac_cv_env_QTPLATFORM_CFLAGS_set=
ac_cv_env_QTPLATFORM_CFLAGS_value=
ac_cv_env_QTPLATFORM_LIBS_set=
ac_cv_env_QTPLATFORM_LIBS_value=
ac_cv_env_QTTHEME_CFLAGS_set=
ac_cv_env_QTTHEME_CFLAGS_value=
ac_cv_env_QTTHEME_LIBS_set=
ac_cv_env_QTTHEME_LIBS_value=
ac_cv_env_QTXCBQPA_CFLAGS_set=
ac_cv_env_QTXCBQPA_CFLAGS_value=
ac_cv_env_QTXCBQPA_LIBS_set=
ac_cv_env_QTXCBQPA_LIBS_value=
ac_cv_env_QT_DBUS_CFLAGS_set=
ac_cv_env_QT_DBUS_CFLAGS_value=
ac_cv_env_QT_DBUS_LIBS_set=
ac_cv_env_QT_DBUS_LIBS_value=
ac_cv_env_QT_TEST_CFLAGS_set=
ac_cv_env_QT_TEST_CFLAGS_value=
ac_cv_env_QT_TEST_LIBS_set=
ac_cv_env_QT_TEST_LIBS_value=
ac_cv_env_SSL_CFLAGS_set=
ac_cv_env_SSL_CFLAGS_value=
ac_cv_env_SSL_LIBS_set=
ac_cv_env_SSL_LIBS_value=
ac_cv_env_UNIVALUE_CFLAGS_set=
ac_cv_env_UNIVALUE_CFLAGS_value=
ac_cv_env_UNIVALUE_LIBS_set=
ac_cv_env_UNIVALUE_LIBS_value=
ac_cv_env_X11XCB_CFLAGS_set=
ac_cv_env_X11XCB_CFLAGS_value=
ac_cv_env_X11XCB_LIBS_set=
ac_cv_env_X11XCB_LIBS_value=
ac_cv_env_ZMQ_CFLAGS_set=
ac_cv_env_ZMQ_CFLAGS_value=
ac_cv_env_ZMQ_LIBS_set=
ac_cv_env_ZMQ_LIBS_value=
ac_cv_env_build_alias_set=
ac_cv_env_build_alias_value=
ac_cv_env_host_alias_set=
ac_cv_env_host_alias_value=
ac_cv_env_target_alias_set=
ac_cv_env_target_alias_value=
ac_cv_func_strerror_r_char_p=yes
ac_cv_have_decl_EVP_MD_CTX_new=yes
ac_cv_have_decl___builtin_clz=yes
ac_cv_have_decl___builtin_clzl=yes
ac_cv_have_decl___builtin_clzll=yes
ac_cv_have_decl_be16toh=yes
ac_cv_have_decl_be32toh=yes
ac_cv_have_decl_be64toh=yes
ac_cv_have_decl_bswap_16=yes
ac_cv_have_decl_bswap_32=yes
ac_cv_have_decl_bswap_64=yes
ac_cv_have_decl_daemon=yes
ac_cv_have_decl_htobe16=yes
ac_cv_have_decl_htobe32=yes
ac_cv_have_decl_htobe64=yes
ac_cv_have_decl_htole16=yes
ac_cv_have_decl_htole32=yes
ac_cv_have_decl_htole64=yes
ac_cv_have_decl_le16toh=yes
ac_cv_have_decl_le32toh=yes
ac_cv_have_decl_le64toh=yes
ac_cv_have_decl_strerror_r=yes
ac_cv_have_decl_strnlen=yes
ac_cv_header_byteswap_h=yes
ac_cv_header_dlfcn_h=yes
ac_cv_header_endian_h=yes
ac_cv_header_inttypes_h=yes
ac_cv_header_miniupnpc_miniupnpc_h=yes
ac_cv_header_miniupnpc_miniwget_h=yes
ac_cv_header_miniupnpc_upnpcommands_h=yes
ac_cv_header_miniupnpc_upnperrors_h=yes
ac_cv_header_stdint_h=yes
ac_cv_header_stdio_h=yes
ac_cv_header_stdlib_h=yes
ac_cv_header_string_h=yes
ac_cv_header_strings_h=yes
ac_cv_header_sys_endian_h=no
ac_cv_header_sys_prctl_h=yes
ac_cv_header_sys_select_h=yes
ac_cv_header_sys_stat_h=yes
ac_cv_header_sys_types_h=yes
ac_cv_header_unistd_h=yes
ac_cv_host=x86_64-pc-linux-gnu
ac_cv_lib_boost_chrono_exit=yes
ac_cv_lib_boost_filesystem_exit=yes
ac_cv_lib_boost_program_options_exit=yes
ac_cv_lib_boost_system_exit=yes
ac_cv_lib_boost_thread_exit=yes
ac_cv_lib_db_cxx_4_8_main=no
ac_cv_lib_db_cxx_main=yes
ac_cv_lib_miniupnpc_main=yes
ac_cv_objcxx_compiler_gnu=no
ac_cv_objext=o
ac_cv_path_EGREP='/usr/bin/grep -E'
ac_cv_path_FGREP='/usr/bin/grep -F'
ac_cv_path_GIT=/usr/bin/git
ac_cv_path_GREP=/usr/bin/grep
ac_cv_path_HEXDUMP=/usr/bin/hexdump
ac_cv_path_LRELEASE=/usr/lib/x86_64-linux-gnu/qt5/bin/lrelease
ac_cv_path_LUPDATE=/usr/lib/x86_64-linux-gnu/qt5/bin/lupdate
ac_cv_path_MOC=/usr/lib/x86_64-linux-gnu/qt5/bin/moc
ac_cv_path_PROTOC=/usr/bin/protoc
ac_cv_path_PYTHON=/usr/bin/python3
ac_cv_path_RCC=/usr/lib/x86_64-linux-gnu/qt5/bin/rcc
ac_cv_path_SED=/usr/bin/sed
ac_cv_path_UIC=/usr/lib/x86_64-linux-gnu/qt5/bin/uic
ac_cv_path_XGETTEXT=/usr/bin/xgettext
ac_cv_path_ac_pt_AR=/usr/bin/ar
ac_cv_path_ac_pt_CPPFILT=/usr/bin/c++filt
ac_cv_path_ac_pt_GCOV=/usr/bin/gcov
ac_cv_path_ac_pt_OBJCOPY=/usr/bin/objcopy
ac_cv_path_ac_pt_PKG_CONFIG=/usr/bin/pkg-config
ac_cv_path_ac_pt_RANLIB=/usr/bin/ranlib
ac_cv_path_ac_pt_READELF=/usr/bin/readelf
ac_cv_path_ac_pt_STRIP=/usr/bin/strip
ac_cv_path_install='/usr/bin/install -c'
ac_cv_path_lt_DD=/usr/bin/dd
ac_cv_path_mkdir=/usr/bin/mkdir
ac_cv_prog_AWK=gawk
ac_cv_prog_CPP='gcc -E'
ac_cv_prog_CXXCPP='g++ -std=c++11 -E'
ac_cv_prog_ac_ct_AR=ar
ac_cv_prog_ac_ct_CC=gcc
ac_cv_prog_ac_ct_CXX=g++
ac_cv_prog_ac_ct_FILECMD=file
ac_cv_prog_ac_ct_MANIFEST_TOOL=mt
ac_cv_prog_ac_ct_OBJDUMP=objdump
ac_cv_prog_ac_ct_RANLIB=ranlib
ac_cv_prog_ac_ct_STRIP=strip
ac_cv_prog_cc_c11=
ac_cv_prog_cc_g=yes
ac_cv_prog_cc_stdc=
ac_cv_prog_cxx_cxx11=
ac_cv_prog_cxx_g=yes
ac_cv_prog_cxx_stdcxx=
ac_cv_prog_make_make_set=yes
ac_cv_prog_objcxx_g=no
ac_cv_search_clock_gettime='none required'
ac_cv_sys_file_offset_bits=no
ac_cv_sys_largefile_CC=no
am_cv_CC_dependencies_compiler_type=gcc3
am_cv_CXX_dependencies_compiler_type=gcc3
am_cv_OBJCXX_dependencies_compiler_type=gcc3
am_cv_make_support_nested_variables=yes
am_cv_prog_cc_c_o=yes
ax_cv_PTHREAD_CLANG=no
ax_cv_PTHREAD_JOINABLE_ATTR=PTHREAD_CREATE_JOINABLE
ax_cv_PTHREAD_PRIO_INHERIT=yes
ax_cv_PTHREAD_SPECIAL_FLAGS=no
ax_cv_boost_chrono=yes
ax_cv_boost_filesystem=yes
ax_cv_boost_program_options=yes
ax_cv_boost_system=yes
ax_cv_boost_thread=yes
ax_cv_boost_unit_test_framework=yes
ax_cv_check_cxxcppflags___D_FORTIFY_SOURCE_2=yes
ax_cv_check_cxxcppflags___U_FORTIFY_SOURCE=yes
ax_cv_check_cxxflags__Wall=yes
ax_cv_check_cxxflags__Wdeprecated_register=no
ax_cv_check_cxxflags__Wextra=yes
ax_cv_check_cxxflags__Wformat=yes
ax_cv_check_cxxflags__Wformat_security=yes
ax_cv_check_cxxflags__Wimplicit_fallthrough=yes
ax_cv_check_cxxflags__Wself_assign=no
ax_cv_check_cxxflags__Wthread_safety_analysis=no
ax_cv_check_cxxflags__Wunused_local_typedef=no
ax_cv_check_cxxflags__Wunused_parameter=yes
ax_cv_check_cxxflags__Wvla=yes
ax_cv_check_cxxflags___Werror=yes
ax_cv_check_cxxflags___Wstack_protector=yes
ax_cv_check_cxxflags___fPIC=yes
ax_cv_check_cxxflags___fPIE=yes
ax_cv_check_cxxflags___fstack_protector_all=yes
ax_cv_check_cxxflags__msse4_2=yes
ax_cv_check_ldflags___Wl___dynamicbase=no
ax_cv_check_ldflags___Wl___high_entropy_va=no
ax_cv_check_ldflags___Wl___large_address_aware=no
ax_cv_check_ldflags___Wl___nxcompat=no
ax_cv_check_ldflags___Wl__z_now=yes
ax_cv_check_ldflags___Wl__z_relro=yes
ax_cv_check_ldflags___pie=yes
ax_cv_cxx_compile_cxx11__std_cpp11=yes
ax_cv_have_func_attribute_dllexport=no
ax_cv_have_func_attribute_dllimport=no
ax_cv_have_func_attribute_visibility=yes
bitcoin_cv_static_qt=no
lt_cv_ar_at_file=@
lt_cv_archive_cmds_need_lc=no
lt_cv_deplibs_check_method=pass_all
lt_cv_file_magic_cmd='$MAGIC_CMD'
lt_cv_file_magic_test_file=
lt_cv_ld_reload_flag=-r
lt_cv_nm_interface='BSD nm'
lt_cv_objdir=.libs
lt_cv_path_LD=/usr/bin/ld
lt_cv_path_LDCXX='/usr/bin/ld -m elf_x86_64'
lt_cv_path_NM='/usr/bin/nm -B'
lt_cv_path_mainfest_tool=no
lt_cv_prog_compiler_c_o=yes
lt_cv_prog_compiler_c_o_CXX=yes
lt_cv_prog_compiler_pic='-fPIC -DPIC'
lt_cv_prog_compiler_pic_CXX='-fPIC -DPIC'
lt_cv_prog_compiler_pic_works=yes
lt_cv_prog_compiler_pic_works_CXX=yes
lt_cv_prog_compiler_rtti_exceptions=no
lt_cv_prog_compiler_static_works=yes
lt_cv_prog_compiler_static_works_CXX=yes
lt_cv_prog_gnu_ld=yes
lt_cv_prog_gnu_ldcxx=yes
lt_cv_sharedlib_from_linklib_cmd='printf %s\n'
lt_cv_shlibpath_overrides_runpath=yes
lt_cv_sys_global_symbol_pipe='/usr/bin/sed -n -e '\''s/^.*[	 ]\([ABCDGIRSTW][ABCDGIRSTW]*\)[	 ][	 ]*\([_A-Za-z][_A-Za-z0-9]*\)$/\1 \2 \2/p'\'' | /usr/bin/sed '\''/ __gnu_lto/d'\'''
lt_cv_sys_global_symbol_to_c_name_address='/usr/bin/sed -n -e '\''s/^: \(.*\) .*$/  {"\1", (void *) 0},/p'\'' -e '\''s/^[ABCDGIRSTW][ABCDGIRSTW]* .* \(.*\)$/  {"\1", (void *) \&\1},/p'\'''
lt_cv_sys_global_symbol_to_c_name_address_lib_prefix='/usr/bin/sed -n -e '\''s/^: \(.*\) .*$/  {"\1", (void *) 0},/p'\'' -e '\''s/^[ABCDGIRSTW][ABCDGIRSTW]* .* \(lib.*\)$/  {"\1", (void *) \&\1},/p'\'' -e '\''s/^[ABCDGIRSTW][ABCDGIRSTW]* .* \(.*\)$/  {"lib\1", (void *) \&\1},/p'\'''
lt_cv_sys_global_symbol_to_cdecl='/usr/bin/sed -n -e '\''s/^T .* \(.*\)$/extern int \1();/p'\'' -e '\''s/^[ABCDGIRSTW][ABCDGIRSTW]* .* \(.*\)$/extern char \1;/p'\'''
lt_cv_sys_global_symbol_to_import=
lt_cv_sys_max_cmd_len=1572864
lt_cv_to_host_file_cmd=func_convert_file_noop
lt_cv_to_tool_file_cmd=func_convert_file_noop
lt_cv_truncate_bin='/usr/bin/dd bs=4096 count=1'
pkg_cv_CRYPTO_CFLAGS=
pkg_cv_CRYPTO_LIBS='-lcrypto '
pkg_cv_EVENT_CFLAGS=
pkg_cv_EVENT_LIBS='-levent '
pkg_cv_EVENT_PTHREADS_CFLAGS=
pkg_cv_EVENT_PTHREADS_LIBS='-levent_pthreads -levent '
pkg_cv_PROTOBUF_CFLAGS=
pkg_cv_PROTOBUF_LIBS='-lprotobuf '
pkg_cv_QR_CFLAGS=
pkg_cv_QR_LIBS='-lqrencode '
pkg_cv_QT5_CFLAGS='-I/usr/include/x86_64-linux-gnu/qt5/QtCore -I/usr/include/x86_64-linux-gnu/qt5 -I/usr/include/x86_64-linux-gnu/qt5/QtGui -DQT_NETWORK_LIB -I/usr/include/x86_64-linux-gnu/qt5/QtNetwork -DQT_WIDGETS_LIB -I/usr/include/x86_64-linux-gnu/qt5/QtWidgets -DQT_GUI_LIB -DQT_CORE_LIB '
pkg_cv_QT5_LIBS='-lQt5Network -lQt5Widgets -lQt5Gui -lQt5Core '
pkg_cv_QT_DBUS_CFLAGS='-DQT_DBUS_LIB -I/usr/include/x86_64-linux-gnu/qt5/QtDBus -I/usr/include/x86_64-linux-gnu/qt5 -DQT_CORE_LIB -I/usr/include/x86_64-linux-gnu/qt5/QtCore '
pkg_cv_QT_DBUS_LIBS='-lQt5DBus -lQt5Core '
pkg_cv_QT_TEST_CFLAGS='-DQT_TESTLIB_LIB -I/usr/include/x86_64-linux-gnu/qt5/QtTest -I/usr/include/x86_64-linux-gnu/qt5 -DQT_CORE_LIB -I/usr/include/x86_64-linux-gnu/qt5/QtCore '
pkg_cv_QT_TEST_LIBS='-lQt5Test -lQt5Core '
pkg_cv_SSL_CFLAGS=
pkg_cv_SSL_LIBS='-lssl '
pkg_cv_ZMQ_CFLAGS='-isystem /usr/include/mit-krb5 -I/usr/include/pgm-5.3 -I/usr/include/libxml2 -I/usr/include/x86_64-linux-gnu '
pkg_cv_ZMQ_LIBS='-lzmq '

## ----------------- ##
## Output variables. ##
## ----------------- ##

ACLOCAL='${SHELL} '\''/home/poolop/ntbcfix/NoteBlockchain/build-aux/missing'\'' aclocal-1.16'
AMDEPBACKSLASH='\'
AMDEP_FALSE='#'
AMDEP_TRUE=''
AMTAR='$${TAR-tar}'
AM_BACKSLASH='\'
AM_DEFAULT_V='$(AM_DEFAULT_VERBOSITY)'
AM_DEFAULT_VERBOSITY='0'
AM_V='$(V)'
AR='/usr/bin/ar'
ARFLAGS='cr'
AUTOCONF='${SHELL} '\''/home/poolop/ntbcfix/NoteBlockchain/build-aux/missing'\'' autoconf'
AUTOHEADER='${SHELL} '\''/home/poolop/ntbcfix/NoteBlockchain/build-aux/missing'\'' autoheader'
AUTOMAKE='${SHELL} '\''/home/poolop/ntbcfix/NoteBlockchain/build-aux/missing'\'' automake-1.16'
AWK='gawk'
BDB_CFLAGS=''
BDB_CPPFLAGS=''
BDB_LIBS='-ldb_cxx'
BITCOIN_CLI_NAME='notecoin-cli'
BITCOIN_DAEMON_NAME='notecoind'
BITCOIN_GUI_NAME='notecoin-qt'
BITCOIN_TX_NAME='notecoin-tx'
BOOST_CHRONO_LIB='-lboost_chrono'
BOOST_CPPFLAGS='-DBOOST_SP_USE_STD_ATOMIC -DBOOST_AC_USE_STD_ATOMIC -pthread -I/usr/include'
BOOST_FILESYSTEM_LIB='-lboost_filesystem'
BOOST_LDFLAGS='-L/usr/lib/x86_64-linux-gnu'
BOOST_LIBS='-L/usr/lib/x86_64-linux-gnu -lboost_system -lboost_filesystem -lboost_program_options -lboost_thread -lboost_chrono'
BOOST_PROGRAM_OPTIONS_LIB='-lboost_program_options'
BOOST_SYSTEM_LIB='-lboost_system'
BOOST_THREAD_LIB='-lboost_thread'
BOOST_UNIT_TEST_FRAMEWORK_LIB='-lboost_unit_test_framework'
BREW=''
BUILD_BITCOIND_FALSE='#'
BUILD_BITCOIND_TRUE=''
BUILD_BITCOIN_LIBS_FALSE='#'
BUILD_BITCOIN_LIBS_TRUE=''
BUILD_BITCOIN_UTILS_FALSE='#'
BUILD_BITCOIN_UTILS_TRUE=''
BUILD_DARWIN_FALSE=''
BUILD_DARWIN_TRUE='#'
CC='gcc'
CCACHE=''
CCDEPMODE='depmode=gcc3'
CFLAGS='-g -O2'
CLIENT_VERSION_BUILD='0'
CLIENT_VERSION_IS_RELEASE='true'
CLIENT_VERSION_MAJOR='1'
CLIENT_VERSION_MINOR='1'
CLIENT_VERSION_REVISION='0'
COPYRIGHT_HOLDERS='The %s developers'
COPYRIGHT_HOLDERS_FINAL='The Notebc Core developers'
COPYRIGHT_HOLDERS_SUBSTITUTION='Notebc Core'
COPYRIGHT_YEAR='2020'
CPP='gcc -E'
CPPFILT='/usr/bin/c++filt'
CPPFLAGS=' -DHAVE_BUILD_INFO -D__STDC_FORMAT_MACROS'
CRYPTO_CFLAGS=''
CRYPTO_LIBS='-lcrypto '
CSCOPE='cscope'
CTAGS='ctags'
CXX='g++ -std=c++11'
CXXCPP='g++ -std=c++11 -E'
CXXDEPMODE='depmode=gcc3'
CXXFLAGS='-g -O2 -Wall -Wextra -Wformat -Wvla -Wformat-security -Wno-unused-parameter -Wno-implicit-fallthrough'
CYGPATH_W='echo'
DEFS='-DHAVE_CONFIG_H'
DEPDIR='.deps'
DLLTOOL='false'
DSYMUTIL=''
DUMPBIN=''
ECHO_C=''
ECHO_N='-n'
ECHO_T=''
EGREP='/usr/bin/grep -E'
EMBEDDED_LEVELDB_FALSE='#'
EMBEDDED_LEVELDB_TRUE=''
EMBEDDED_UNIVALUE_FALSE='#'
EMBEDDED_UNIVALUE_TRUE=''
ENABLE_BENCH_FALSE='#'
ENABLE_BENCH_TRUE=''
ENABLE_HWCRC32_FALSE='#'
ENABLE_HWCRC32_TRUE=''
ENABLE_MAN_FALSE='#'
ENABLE_MAN_TRUE=''
ENABLE_QT_FALSE='#'
ENABLE_QT_TESTS_FALSE='#'
ENABLE_QT_TESTS_TRUE=''
ENABLE_QT_TRUE=''
ENABLE_TESTS_FALSE='#'
ENABLE_TESTS_TRUE=''
ENABLE_WALLET_FALSE='#'
ENABLE_WALLET_TRUE=''
ENABLE_ZMQ_FALSE='#'
ENABLE_ZMQ_TRUE=''
ERROR_CXXFLAGS=''
ETAGS='etags'
EVENT_CFLAGS=''
EVENT_LIBS='-levent '
EVENT_PTHREADS_CFLAGS=''
EVENT_PTHREADS_LIBS='-levent_pthreads -levent '
EXEEXT=''
EXTENDED_FUNCTIONAL_TESTS=''
FGREP='/usr/bin/grep -F'
FILECMD='file'
GCOV='/usr/bin/gcov'
GENHTML=''
GENISOIMAGE=''
GIT='/usr/bin/git'
GLIBC_BACK_COMPAT_FALSE=''
GLIBC_BACK_COMPAT_TRUE='#'
GREP='/usr/bin/grep'
HARDENED_CPPFLAGS=' -U_FORTIFY_SOURCE -D_FORTIFY_SOURCE=2'
HARDENED_CXXFLAGS=' -Wstack-protector -fstack-protector-all'
HARDENED_LDFLAGS=' -Wl,-z,relro -Wl,-z,now -pie'
HARDEN_FALSE='#'
HARDEN_TRUE=''
HAVE_CXX11='1'
HEXDUMP='/usr/bin/hexdump'
IMAGEMAGICK_CONVERT=''
INSTALLNAMETOOL=''
INSTALL_DATA='${INSTALL} -m 644'
INSTALL_PROGRAM='${INSTALL}'
INSTALL_SCRIPT='${INSTALL}'
INSTALL_STRIP_PROGRAM='$(install_sh) -c -s'
LCOV=''
LCOV_OPTS=''
LD='/usr/bin/ld -m elf_x86_64'
LDFLAGS=''
LEVELDB_CPPFLAGS=''
LEVELDB_TARGET_FLAGS='-DOS_LINUX'
LIBLEVELDB=''
LIBMEMENV=''
LIBOBJS=''
LIBS=''
LIBTOOL='$(SHELL) $(top_builddir)/libtool'
LIBTOOL_APP_LDFLAGS=''
LIPO=''
LN_S='ln -s'
LRELEASE='/usr/lib/x86_64-linux-gnu/qt5/bin/lrelease'
LTLIBOBJS=''
LT_SYS_LIBRARY_PATH=''
LUPDATE='/usr/lib/x86_64-linux-gnu/qt5/bin/lupdate'
MAINT=''
MAINTAINER_MODE_FALSE='#'
MAINTAINER_MODE_TRUE=''
MAKEINFO='${SHELL} '\''/home/poolop/ntbcfix/NoteBlockchain/build-aux/missing'\'' makeinfo'
MAKENSIS=''
MANIFEST_TOOL=':'
MINIUPNPC_CPPFLAGS=''
MINIUPNPC_LIBS='-lminiupnpc'
MKDIR_P='/usr/bin/mkdir -p'
MOC='/usr/lib/x86_64-linux-gnu/qt5/bin/moc'
MOC_DEFS='-DHAVE_CONFIG_H -I$(srcdir)'
NM='/usr/bin/nm -B'
NMEDIT=''
OBJCOPY='/usr/bin/objcopy'
OBJCXX='g++ -std=c++11'
OBJCXXDEPMODE='depmode=gcc3'
OBJCXXFLAGS=''
OBJDUMP='objdump'
OBJEXT='o'
OTOOL64=''
OTOOL=''
PACKAGE='notebc'
PACKAGE_BUGREPORT='https://www.notebc.com/'
PACKAGE_NAME='Notebc Core'
PACKAGE_STRING='Notebc Core 1.1.0'
PACKAGE_TARNAME='notebc'
PACKAGE_URL='https://www.notebc.com/'
PACKAGE_VERSION='1.1.0'
PATH_SEPARATOR=':'
PIC_FLAGS='-fPIC'
PIE_FLAGS='-fPIE'
PKG_CONFIG='/usr/bin/pkg-config'
PKG_CONFIG_LIBDIR=''
PKG_CONFIG_PATH=''
PORT=''
PROTOBUF_CFLAGS=''
PROTOBUF_LIBS='-lprotobuf '
PROTOC='/usr/bin/protoc'
PTHREAD_CC='gcc'
PTHREAD_CFLAGS='-pthread'
PTHREAD_LIBS=''
PYTHON='/usr/bin/python3'
PYTHONPATH=''
QR_CFLAGS=''
QR_LIBS='-lqrencode '
QT5_CFLAGS='-I/usr/include/x86_64-linux-gnu/qt5/QtCore -I/usr/include/x86_64-linux-gnu/qt5 -I/usr/include/x86_64-linux-gnu/qt5/QtGui -DQT_NETWORK_LIB -I/usr/include/x86_64-linux-gnu/qt5/QtNetwork -DQT_WIDGETS_LIB -I/usr/include/x86_64-linux-gnu/qt5/QtWidgets -DQT_GUI_LIB -DQT_CORE_LIB '
QT5_LIBS='-lQt5Network -lQt5Widgets -lQt5Gui -lQt5Core '
QTACCESSIBILITY_CFLAGS=''
QTACCESSIBILITY_LIBS=''
QTCGL_CFLAGS=''
QTCGL_LIBS=''
QTCLIPBOARD_CFLAGS=''
QTCLIPBOARD_LIBS=''
QTDEVICEDISCOVERY_CFLAGS=''
QTDEVICEDISCOVERY_LIBS=''
QTEVENTDISPATCHER_CFLAGS=''
QTEVENTDISPATCHER_LIBS=''
QTFB_CFLAGS=''
QTFB_LIBS=''
QTFONTDATABASE_CFLAGS=''
QTFONTDATABASE_LIBS=''
QTGRAPHICS_CFLAGS=''
QTGRAPHICS_LIBS=''
QTPLATFORM_CFLAGS=''
QTPLATFORM_LIBS=''
QTTHEME_CFLAGS=''
QTTHEME_LIBS=''
QTXCBQPA_CFLAGS=''
QTXCBQPA_LIBS=''
QT_DBUS_CFLAGS='-DQT_DBUS_LIB -I/usr/include/x86_64-linux-gnu/qt5/QtDBus -I/usr/include/x86_64-linux-gnu/qt5 -DQT_CORE_LIB -I/usr/include/x86_64-linux-gnu/qt5/QtCore '
QT_DBUS_INCLUDES='-DQT_DBUS_LIB -I/usr/include/x86_64-linux-gnu/qt5/QtDBus -I/usr/include/x86_64-linux-gnu/qt5 -DQT_CORE_LIB -I/usr/include/x86_64-linux-gnu/qt5/QtCore '
QT_DBUS_LIBS='-lQt5DBus -lQt5Core '
QT_INCLUDES='-I/usr/include/x86_64-linux-gnu/qt5/QtCore -I/usr/include/x86_64-linux-gnu/qt5 -I/usr/include/x86_64-linux-gnu/qt5/QtGui -DQT_NETWORK_LIB -I/usr/include/x86_64-linux-gnu/qt5/QtNetwork -DQT_WIDGETS_LIB -I/usr/include/x86_64-linux-gnu/qt5/QtWidgets -DQT_GUI_LIB -DQT_CORE_LIB '
QT_LDFLAGS=''
QT_LIBS='-lQt5Network -lQt5Widgets -lQt5Gui -lQt5Core '
QT_PIE_FLAGS='-fPIC'
QT_SELECT='qt5'
QT_TEST_CFLAGS='-DQT_TESTLIB_LIB -I/usr/include/x86_64-linux-gnu/qt5/QtTest -I/usr/include/x86_64-linux-gnu/qt5 -DQT_CORE_LIB -I/usr/include/x86_64-linux-gnu/qt5/QtCore '
QT_TEST_INCLUDES='-DQT_TESTLIB_LIB -I/usr/include/x86_64-linux-gnu/qt5/QtTest -I/usr/include/x86_64-linux-gnu/qt5 -DQT_CORE_LIB -I/usr/include/x86_64-linux-gnu/qt5/QtCore '
QT_TEST_LIBS='-lQt5Test -lQt5Core '
QT_TRANSLATION_DIR=''
RANLIB='/usr/bin/ranlib'
RCC='/usr/lib/x86_64-linux-gnu/qt5/bin/rcc'
READELF='/usr/bin/readelf'
RELDFLAGS=''
RSVG_CONVERT=''
SED='/usr/bin/sed'
SET_MAKE=''
SHELL='/bin/bash'
SSE42_CXXFLAGS='-msse4.2'
SSL_CFLAGS=''
SSL_LIBS='-lssl '
STRIP='/usr/bin/strip'
TARGET_DARWIN_FALSE=''
TARGET_DARWIN_TRUE='#'
TARGET_WINDOWS_FALSE=''
TARGET_WINDOWS_TRUE='#'
TESTDEFS=' -DBOOST_TEST_DYN_LINK'
TIFFCP=''
UIC='/usr/lib/x86_64-linux-gnu/qt5/bin/uic'
UNIVALUE_CFLAGS='-I$(srcdir)/univalue/include'
UNIVALUE_LIBS='univalue/libunivalue.la'
USE_ASM_FALSE='#'
USE_ASM_TRUE=''
USE_LCOV_FALSE=''
USE_LCOV_TRUE='#'
USE_QRCODE=''
USE_QRCODE_FALSE='#'
USE_QRCODE_TRUE=''
USE_SSE2=''
USE_SSE2_FALSE=''
USE_SSE2_TRUE='#'
USE_UPNP=''
VERSION='1.1.0'
WINDOWS_BITS=''
WINDRES=''
X11XCB_CFLAGS=''
X11XCB_LIBS=''
XGETTEXT='/usr/bin/xgettext'
ZMQ_CFLAGS='-isystem /usr/include/mit-krb5 -I/usr/include/pgm-5.3 -I/usr/include/libxml2 -I/usr/include/x86_64-linux-gnu '
ZMQ_LIBS='-lzmq '
ac_ct_AR='ar'
ac_ct_CC='gcc'
ac_ct_CXX='g++'
ac_ct_DUMPBIN=''
ac_ct_OBJCXX=''
am__EXEEXT_FALSE=''
am__EXEEXT_TRUE='#'
am__fastdepCC_FALSE='#'
am__fastdepCC_TRUE=''
am__fastdepCXX_FALSE='#'
am__fastdepCXX_TRUE=''
am__fastdepOBJCXX_FALSE='#'
am__fastdepOBJCXX_TRUE=''
am__include='include'
am__isrc=''
am__leading_dot='.'
am__nodep='_no'
am__quote=''
am__tar='$${TAR-tar} chof - "$$tardir"'
am__untar='$${TAR-tar} xf -'
ax_pthread_config=''
bindir='${exec_prefix}/bin'
build='x86_64-pc-linux-gnu'
build_alias=''
build_cpu='x86_64'
build_os='linux-gnu'
build_vendor='pc'
datadir='${datarootdir}'
datarootdir='${prefix}/share'
docdir='${datarootdir}/doc/${PACKAGE_TARNAME}'
dvidir='${docdir}'
exec_prefix='${prefix}'
host='x86_64-pc-linux-gnu'
host_alias=''
host_cpu='x86_64'
host_os='linux-gnu'
host_vendor='pc'
htmldir='${docdir}'
includedir='${prefix}/include'
infodir='${datarootdir}/info'
install_sh='${SHELL} /home/poolop/ntbcfix/NoteBlockchain/build-aux/install-sh'
libdir='${exec_prefix}/lib'
libexecdir='${exec_prefix}/libexec'
localedir='${datarootdir}/locale'
localstatedir='${prefix}/var'
mandir='${datarootdir}/man'
mkdir_p='$(MKDIR_P)'
oldincludedir='/usr/include'
pdfdir='${docdir}'
prefix='/usr/local'
program_transform_name='s,x,x,'
psdir='${docdir}'
runstatedir='${localstatedir}/run'
sbindir='${exec_prefix}/sbin'
sharedstatedir='${prefix}/com'
subdirs=' src/univalue src/secp256k1'
sysconfdir='${prefix}/etc'
target_alias=''

## ----------- ##
## confdefs.h. ##
## ----------- ##

/* confdefs.h */
#define PACKAGE_NAME "Notebc Core"
#define PACKAGE_TARNAME "notebc"
#define PACKAGE_VERSION "1.1.0"
#define PACKAGE_STRING "Notebc Core 1.1.0"
#define PACKAGE_BUGREPORT "https://www.notebc.com/"
#define PACKAGE_URL "https://www.notebc.com/"
#define HAVE_CXX11 1
#define HAVE_STDIO_H 1
#define HAVE_STDLIB_H 1
#define HAVE_STRING_H 1
#define HAVE_INTTYPES_H 1
#define HAVE_STDINT_H 1
#define HAVE_STRINGS_H 1
#define HAVE_SYS_STAT_H 1
#define HAVE_SYS_TYPES_H 1
#define HAVE_UNISTD_H 1
#define STDC_HEADERS 1
#define HAVE_DLFCN_H 1
#define LT_OBJDIR ".libs/"
#define USE_ASM 1
#define HAVE_PTHREAD_PRIO_INHERIT 1
#define HAVE_PTHREAD 1
#define HAVE_DECL_STRERROR_R 1
#define HAVE_STRERROR_R 1
#define STRERROR_R_CHAR_P 1
#define HAVE_FUNC_ATTRIBUTE_VISIBILITY 1
#define HAVE_ENDIAN_H 1
#define HAVE_BYTESWAP_H 1
#define HAVE_STDIO_H 1
#define HAVE_STDLIB_H 1
#define HAVE_UNISTD_H 1
#define HAVE_STRINGS_H 1
#define HAVE_SYS_TYPES_H 1
#define HAVE_SYS_STAT_H 1
#define HAVE_SYS_SELECT_H 1
#define HAVE_SYS_PRCTL_H 1
#define HAVE_DECL_STRNLEN 1
#define HAVE_DECL_DAEMON 1
#define HAVE_DECL_LE16TOH 1
#define HAVE_DECL_LE32TOH 1
#define HAVE_DECL_LE64TOH 1
#define HAVE_DECL_HTOLE16 1
#define HAVE_DECL_HTOLE32 1
#define HAVE_DECL_HTOLE64 1
#define HAVE_DECL_BE16TOH 1
#define HAVE_DECL_BE32TOH 1
#define HAVE_DECL_BE64TOH 1
#define HAVE_DECL_HTOBE16 1
#define HAVE_DECL_HTOBE32 1
#define HAVE_DECL_HTOBE64 1
#define HAVE_DECL_BSWAP_16 1
#define HAVE_DECL_BSWAP_32 1
#define HAVE_DECL_BSWAP_64 1
#define HAVE_DECL___BUILTIN_CLZ 1
#define HAVE_DECL___BUILTIN_CLZL 1
#define HAVE_DECL___BUILTIN_CLZLL 1
#define HAVE_MSG_NOSIGNAL 1
#define HAVE_MSG_DONTWAIT 1
#define HAVE_MALLOC_INFO 1
#define HAVE_MALLOPT_ARENA_MAX 1
#define HAVE_VISIBILITY_ATTRIBUTE 1
#define HAVE_THREAD_LOCAL 1
#define HAVE_SYS_GETRANDOM 1
#define HAVE_GETENTROPY 1
#define HAVE_GETENTROPY_RAND 1
#define HAVE_MINIUPNPC_MINIWGET_H 1
#define HAVE_MINIUPNPC_MINIUPNPC_H 1
#define HAVE_MINIUPNPC_UPNPCOMMANDS_H 1
#define HAVE_MINIUPNPC_UPNPERRORS_H 1
#define HAVE_BOOST /**/
#define HAVE_BOOST_SYSTEM /**/
#define HAVE_BOOST_FILESYSTEM /**/
#define HAVE_BOOST_PROGRAM_OPTIONS /**/
#define HAVE_BOOST_THREAD /**/
#define HAVE_BOOST_CHRONO /**/
#define HAVE_BOOST_UNIT_TEST_FRAMEWORK /**/
#define HAVE_WORKING_BOOST_SLEEP_FOR 1
#define ENABLE_ZMQ 1
#define HAVE_DECL_EVP_MD_CTX_NEW 1
#define HAVE_CONSENSUS_LIB 1
#define ENABLE_WALLET 1
#define USE_UPNP 0
#define USE_DBUS 1
#define USE_QRCODE 1
#define CLIENT_VERSION_MAJOR 1
#define CLIENT_VERSION_MINOR 1
#define CLIENT_VERSION_REVISION 0
#define CLIENT_VERSION_BUILD 0
#define CLIENT_VERSION_IS_RELEASE true
#define COPYRIGHT_YEAR 2020
#define COPYRIGHT_HOLDERS "The %s developers"
#define COPYRIGHT_HOLDERS_SUBSTITUTION "Notebc Core"
#define COPYRIGHT_HOLDERS_FINAL "The Notebc Core developers"

configure: exit 0
